search_term,status,reason,total_interest,weeks
Bard: College of Whistles 5e,Proposed KEEP,,0,53
Bard: College of Whistles build,Proposed KEEP,,0,53
Battle Master 5e,Proposed KEEP,,591,53
Battle Master build,Proposed KEEP,,2120,53
Battle Smith 5e,Proposed KEEP,,789,53
Battle Smith build,Proposed KEEP,,0,53
Beast Master 5e,Proposed KEEP,,172,53
Beast Master build,Proposed KEEP,,449,53
Beastheart 2024,Proposed KEEP,,0,53
Beastheart 5e,Proposed KEEP,,20,53
Beastheart build,Proposed KEEP,,1,53
Beauty Domain 5e,Proposed KEEP,,0,53
Beauty Domain build,Proposed KEEP,,83,53
Bibliomancy 5e,Proposed KEEP,,0,53
Bibliomancy build,Proposed KEEP,,0,53
Black Craft 5e,Proposed KEEP,,0,53
Black Craft build,Proposed KEEP,,490,53
Blacksmith 5e,Proposed DROP,Too broad: generic English/D&D word 'Blacksmith',464,53
Blacksmith build,Proposed DROP,Too broad: generic English/D&D word 'Blacksmith',271,53
Blade Dancer 5e,Proposed KEEP,,1,53
Blade Dancer build,Proposed KEEP,,1108,53
Bladesinger 5e,Proposed KEEP,,902,53
Bladesinger build,Proposed KEEP,,911,53
Bladesinging 5e,Proposed KEEP,,5,53
Bladesinging build,Proposed KEEP,,179,53
Blight Druid,Proposed KEEP,,433,53
Blighted Druid,Proposed KEEP,,3,53
Blood Domain 5e,Proposed KEEP,,19,53
Blood Domain build,Proposed KEEP,,454,53
Blood Druid,Proposed KEEP,,2965,53
Blood Hunter 2024,Proposed KEEP,,42,53
Blood Hunter 5e,Proposed KEEP,,3913,53
Blood Hunter build,Proposed KEEP,,5,53
Blood Magic 5e,Proposed KEEP,,974,53
Blood Magic build,Proposed KEEP,,1035,53
Bloodforged 5e,Proposed KEEP,,0,53
Bloodforged build,Proposed KEEP,,0,53
Bloodied but Unbowed 5e,Proposed KEEP,,98,53
Bloodied but Unbowed build,Proposed KEEP,,0,53
Bomber 5e,Proposed DROP,Too broad: generic English/D&D word 'Bomber',1,53
Bomber build,Proposed DROP,Too broad: generic English/D&D word 'Bomber',1513,53
Brute 5e,Proposed KEEP,,121,53
Brute build,Proposed KEEP,,2188,53
Bulwark Warrior 5e,Proposed KEEP,,75,53
Bulwark Warrior build,Proposed KEEP,,68,53
Call of the Wild 5e,Proposed KEEP,,0,53
Call of the Wild build,Proposed KEEP,,316,53
Cannoneer 5e,Proposed KEEP,,0,53
Cannoneer build,Proposed KEEP,,0,53
Captain 2024,Proposed DROP,Too broad: generic English/D&D word 'Captain',1911,53
Captain 5e,Proposed DROP,Too broad: generic English/D&D word 'Captain',52,53
Captain build,Proposed DROP,Too broad: generic English/D&D word 'Captain',200,53
Carver Guild 5e,Proposed KEEP,,0,53
Carver Guild build,Proposed KEEP,,100,53
Castigation Paladin,Proposed KEEP,,100,53
Cavalier 5e,Proposed KEEP,,240,53
Cavalier build,Proposed KEEP,,122,53
Celebrity 5e,Proposed DROP,Too broad: generic English/D&D word 'Celebrity',18,53
Celebrity build,Proposed DROP,Too broad: generic English/D&D word 'Celebrity',1801,53
Celestial Patron 5e,Proposed KEEP,,2,53
Celestial Patron build,Proposed KEEP,,0,53
Champion 2024,Proposed KEEP,,1514,53
Champion 5e,Proposed KEEP,,1,53
Champion build,Proposed KEEP,,99,53
Chieftain 5e,Proposed DROP,Too broad: generic English/D&D word 'Chieftain',166,53
Chieftain build,Proposed DROP,Too broad: generic English/D&D word 'Chieftain',1178,53
Chronomancer 2024,Proposed KEEP,,64,53
Chronomancer 5e,Proposed KEEP,,15,53
Chronomancer build,Proposed KEEP,,1036,53
Chronurgy Magic 5e,Proposed KEEP,,0,53
Chronurgy Magic build,Proposed KEEP,,0,53
Circle of Ash 5e,Proposed KEEP,,0,53
Circle of Ash build,Proposed KEEP,,0,53
Circle of Blight 5e,Proposed KEEP,,0,53
Circle of Blight build,Proposed KEEP,,0,53
Circle of Blood 5e,Proposed KEEP,,3,53
Circle of Blood build,Proposed KEEP,,40,53
Circle of Dragons Druid 5e,Proposed KEEP,,3,53
Circle of Dragons Druid build,Proposed KEEP,,0,53
Circle of Dreams 5e,Proposed KEEP,,78,53
Circle of Dreams build,Proposed KEEP,,59,53
Circle of Mutation 5e,Proposed KEEP,,0,53
Circle of Mutation build,Proposed KEEP,,100,53
Circle of Ruin 5e,Proposed KEEP,,0,53
Circle of Ruin build,Proposed KEEP,,0,53
Circle of Shadows (Druid) 5e,Proposed KEEP,,0,53
Circle of Shadows (Druid) build,Proposed KEEP,,0,53
Circle of Solar Spirits 5e,Proposed KEEP,,83,53
Circle of Solar Spirits build,Proposed KEEP,,0,53
Circle of Spores 5e,Proposed KEEP,,1075,53
Circle of Spores Expanded 5e,Proposed KEEP,,100,53
Circle of Spores Expanded build,Proposed KEEP,,0,53
Circle of Spores build,Proposed KEEP,,56,53
Circle of Stars 5e,Proposed KEEP,,1579,53
Circle of Stars build,Proposed KEEP,,842,53
Circle of Twilight 5e,Proposed KEEP,,85,53
Circle of Twilight build,Proposed KEEP,,0,53
Circle of Wildfire 5e,Proposed KEEP,,14,53
Circle of Wildfire build,Proposed KEEP,,30,53
Circle of the Blighted 5e,Proposed KEEP,,0,53
Circle of the Blighted build,Proposed KEEP,,11,53
Circle of the Familiar 5e,Proposed KEEP,,0,53
Circle of the Familiar build,Proposed KEEP,,9,53
Circle of the Forged 5e,Proposed KEEP,,73,53
Circle of the Forged build,Proposed KEEP,,0,53
Circle of the Glass 5e,Proposed KEEP,,0,53
Circle of the Glass build,Proposed KEEP,,0,53
Circle of the Land 5e,Proposed KEEP,,0,53
Circle of the Land build,Proposed KEEP,,0,53
Circle of the Moon 5e,Proposed KEEP,,2849,53
Circle of the Moon build,Proposed KEEP,,447,53
Circle of the Myconid 5e,Proposed KEEP,,0,53
Circle of the Myconid build,Proposed KEEP,,0,53
Circle of the Primeval 5e,Proposed KEEP,,0,53
Circle of the Primeval build,Proposed KEEP,,0,53
Circle of the Sea 5e,Proposed KEEP,,2,53
Circle of the Sea build,Proposed KEEP,,2,53
Circle of the Seasons 5e,Proposed KEEP,,0,53
Circle of the Seasons build,Proposed KEEP,,0,53
Circle of the Shepherd 5e,Proposed KEEP,,26,53
Circle of the Shepherd build,Proposed KEEP,,0,53
Circle of the Stars 5e,Proposed KEEP,,10,53
Circle of the Stars build,Proposed KEEP,,23,53
Circle of the Woad 5e,Proposed KEEP,,0,53
Circle of the Woad build,Proposed KEEP,,0,53
Cleric 2024,Proposed KEEP,,945,53
Cleric 5e,Proposed KEEP,,4240,53
Cleric build,Proposed KEEP,,2169,53
Cleric: Festus Domain 5e,Proposed KEEP,,0,53
Cleric: Festus Domain build,Proposed KEEP,,0,53
Cleric: Harvest Domain 5e,Proposed KEEP,,0,53
Cleric: Harvest Domain build,Proposed KEEP,,0,53
Clockwork Sorcery 5e,Proposed KEEP,,4,53
Clockwork Sorcery build,Proposed KEEP,,0,53
Clockwork Soul 5e,Proposed KEEP,,553,53
Clockwork Soul build,Proposed KEEP,,6,53
College of Adventurers 5e,Proposed KEEP,,0,53
College of Adventurers build,Proposed KEEP,,0,53
College of Arcana 5e,Proposed KEEP,,0,53
College of Arcana build,Proposed KEEP,,0,53
College of Creation 5e,Proposed KEEP,,13,53
College of Creation build,Proposed KEEP,,10,53
College of Dance 5e,Proposed KEEP,,204,53
College of Dance build,Proposed KEEP,,8,53
College of Eloquence 5e,Proposed KEEP,,161,53
College of Eloquence build,Proposed KEEP,,0,53
College of Glamour 5e,Proposed KEEP,,38,53
College of Glamour build,Proposed KEEP,,42,53
College of Lore 5e,Proposed KEEP,,96,53
College of Lore build,Proposed KEEP,,55,53
College of Requiem 5e,Proposed KEEP,,0,53
College of Requiem build,Proposed KEEP,,0,53
College of Requiems 5e,Proposed KEEP,,0,53
College of Requiems build,Proposed KEEP,,0,53
College of Satire 5e,Proposed KEEP,,71,53
College of Satire build,Proposed KEEP,,73,53
College of Shadow (Bard) 5e,Proposed KEEP,,22,53
College of Shadow (Bard) build,Proposed KEEP,,50,53
College of Spirits 5e,Proposed KEEP,,24,53
College of Spirits build,Proposed KEEP,,46,53
College of Swarms 5e,Proposed KEEP,,0,53
College of Swarms build,Proposed KEEP,,0,53
College of Swords 5e,Proposed KEEP,,308,53
College of Swords build,Proposed KEEP,,187,53
College of Valor 5e,Proposed KEEP,,36,53
College of Valor build,Proposed KEEP,,66,53
College of Whispers 5e,Proposed KEEP,,84,53
College of Whispers build,Proposed KEEP,,0,53
College of the Dirge Singer 5e,Proposed KEEP,,0,53
College of the Dirge Singer build,Proposed KEEP,,0,53
College of the Moon 5e,Proposed KEEP,,1,53
College of the Moon build,Proposed KEEP,,5,53
College of the Ocean 5e,Proposed KEEP,,0,53
College of the Ocean build,Proposed KEEP,,76,53
Commandant 5e,Proposed KEEP,,11,53
Commandant build,Proposed KEEP,,12,53
Condemned 5e,Proposed KEEP,,0,53
Condemned build,Proposed KEEP,,188,53
Conjurer 5e,Proposed KEEP,,10,53
Conjurer build,Proposed KEEP,,1701,53
Conquest Paladin,Proposed KEEP,,2705,53
Consulting Detective 5e,Proposed KEEP,,100,53
Consulting Detective build,Proposed KEEP,,0,53
Corsair 5e,Proposed KEEP,,7,53
Corsair build,Proposed KEEP,,2744,53
Court Dancer 5e,Proposed KEEP,,0,53
Court Dancer build,Proposed KEEP,,0,53
Craftsman 2024,Proposed KEEP,,1592,53
Craftsman 5e,Proposed KEEP,,0,53
Craftsman build,Proposed KEEP,,310,53
Creation Bard,Proposed KEEP,,1010,53
Crown Paladin,Proposed KEEP,,1230,53
Crystal Palm Monk,Proposed KEEP,,100,53
Curse Binder 5e,Proposed KEEP,,0,53
Curse Binder build,Proposed KEEP,,0,53
DaggerMaster 5e,Proposed KEEP,,0,53
DaggerMaster build,Proposed KEEP,,0,53
Dance Bard,Proposed KEEP,,2627,53
Dancer 2024,Proposed KEEP,,1267,53
Dancer 5e,Proposed KEEP,,14,53
Dancer build,Proposed KEEP,,186,53
Dark Dancer 5e,Proposed KEEP,,0,53
Dark Dancer build,Proposed KEEP,,48,53
Deadeye 5e,Proposed KEEP,,0,53
Deadeye build,Proposed KEEP,,930,53
Death Domain 5e,Proposed KEEP,,263,53
Death Domain build,Proposed KEEP,,764,53
Death Knight 5e,Proposed KEEP,,1437,53
Death Knight build,Proposed KEEP,,3503,53
Deific Domain 5e,Proposed KEEP,,0,53
Deific Domain build,Proposed KEEP,,0,53
Detective 5e,Proposed KEEP,,256,53
Detective build,Proposed KEEP,,983,53
Devotion Paladin,Proposed KEEP,,3633,53
Devourer Guild 5e,Proposed KEEP,,0,53
Devourer Guild build,Proposed KEEP,,4,53
Divine Soul 5e,Proposed KEEP,,1057,53
Divine Soul build,Proposed KEEP,,135,53
Doomed 5e,Proposed KEEP,,0,53
Doomed build,Proposed KEEP,,2,53
Draconic Sorcery 5e,Proposed KEEP,,0,53
Draconic Sorcery build,Proposed KEEP,,0,53
Dragons Druid,Proposed KEEP,,3164,53
Dragons Druid Druid,Proposed KEEP,,2895,53
Drakewarden 5e,Proposed KEEP,,2694,53
Drakewarden build,Proposed KEEP,,61,53
Dread Captain 5e,Proposed KEEP,,100,53
Dread Captain build,Proposed KEEP,,6,53
Dreams Druid,Proposed KEEP,,1905,53
Druid 2024,Proposed KEEP,,1264,53
Druid 5e,Proposed KEEP,,3398,53
Druid build,Proposed KEEP,,1131,53
Druid: Circle of Dragons 5e,Proposed KEEP,,13,53
Druid: Circle of Dragons build,Proposed KEEP,,0,53
Druid: Circle of Wicker 5e,Proposed KEEP,,0,53
Druid: Circle of Wicker build,Proposed KEEP,,0,53
Druid: Circle of the Hive 5e,Proposed KEEP,,72,53
Druid: Circle of the Hive build,Proposed KEEP,,0,53
Druid: Circle of the Old Ways 5e,Proposed KEEP,,7,53
Druid: Circle of the Old Ways build,Proposed KEEP,,0,53
Druid: Circle of the Petal 5e,Proposed KEEP,,0,53
Druid: Circle of the Petal build,Proposed KEEP,,0,53
Druid: Circle of the Warden 5e,Proposed KEEP,,0,53
Druid: Circle of the Warden build,Proposed KEEP,,0,53
Drunken Master Monk,Proposed KEEP,,807,53
Dungeon Singer 5e,Proposed KEEP,,0,53
Dungeon Singer build,Proposed KEEP,,60,53
Dungeon Tenebrous 5e,Proposed KEEP,,45,53
Dungeon Tenebrous build,Proposed KEEP,,0,53
Duskblade 5e,Proposed KEEP,,0,53
Duskblade build,Proposed KEEP,,4,53
Earth 5e,Proposed KEEP,,134,53
Earth build,Proposed KEEP,,3072,53
Echo Knight 5e,Proposed KEEP,,294,53
Echo Knight Variant 5e,Proposed KEEP,,0,53
Echo Knight Variant build,Proposed KEEP,,0,53
Echo Knight build,Proposed KEEP,,13,53
Effigy Master 5e,Proposed KEEP,,0,53
Effigy Master build,Proposed KEEP,,0,53
Eldritch Domain 5e,Proposed KEEP,,100,53
Eldritch Domain build,Proposed KEEP,,0,53
Eldritch Knight 5e,Proposed KEEP,,3404,53
Eldritch Knight build,Proposed KEEP,,3246,53
Elementalist 2024,Proposed KEEP,,130,53
Elementalist 5e,Proposed KEEP,,2,53
Elementalist build,Proposed KEEP,,2406,53
Eloquence Bard,Proposed KEEP,,2723,53
Empath 5e,Proposed KEEP,,0,53
Empath build,Proposed KEEP,,50,53
Enchanter 5e,Proposed KEEP,,13,53
Enchanter build,Proposed KEEP,,1269,53
Engineer 5e,Proposed KEEP,,51,53
Engineer build,Proposed KEEP,,2455,53
Exalted Assembly of the Feline Court 5e,Proposed KEEP,,100,53
Exalted Assembly of the Feline Court build,Proposed KEEP,,0,53
Familiar Druid,Proposed KEEP,,1239,53
Fathomless Patron 5e,Proposed KEEP,,0,53
Fathomless Patron build,Proposed KEEP,,0,53
Fey Wanderer 5e,Proposed KEEP,,263,53
Fey Wanderer build,Proposed KEEP,,84,53
Fiend Patron 5e,Proposed KEEP,,10,53
Fiend Patron build,Proposed KEEP,,0,53
Fighter 2024,Proposed KEEP,,1851,53
Fighter 5e,Proposed KEEP,,818,53
Fighter build,Proposed KEEP,,682,53
Fighter: Barrow Guard 5e,Proposed KEEP,,100,53
Fighter: Barrow Guard build,Proposed KEEP,,0,53
Fighter: Steel Hawk 5e,Proposed KEEP,,0,53
Fighter: Steel Hawk build,Proposed KEEP,,0,53
Fighter: The Spirit-Fused 5e,Proposed KEEP,,0,53
Fighter: The Spirit-Fused build,Proposed KEEP,,0,53
Fire 5e,Proposed KEEP,,468,53
Fire build,Proposed KEEP,,1936,53
Fleshwarping 5e,Proposed KEEP,,0,53
Fleshwarping build,Proposed KEEP,,0,53
Fleshweaving Bard,Proposed KEEP,,0,53
Forensic Thaumaturge 5e,Proposed KEEP,,0,53
Forensic Thaumaturge build,Proposed KEEP,,0,53
Forge Adept 5e,Proposed KEEP,,0,53
Forge Adept build,Proposed KEEP,,0,53
Forge Domain 5e,Proposed KEEP,,185,53
Forge Domain build,Proposed KEEP,,105,53
Forged Druid,Proposed KEEP,,109,53
Gadgetsmith 5e,Proposed KEEP,,0,53
Gadgetsmith build,Proposed KEEP,,90,53
Genie Patron 5e,Proposed KEEP,,72,53
Genie Patron build,Proposed KEEP,,0,53
Glamour Bard,Proposed KEEP,,1054,53
Glass Druid,Proposed KEEP,,551,53
Glasswright 5e,Proposed KEEP,,0,53
Glasswright build,Proposed KEEP,,0,53
Gloom Stalker 5e,Proposed KEEP,,2265,53
Gloom Stalker build,Proposed KEEP,,1225,53
Glory Paladin,Proposed KEEP,,1900,53
Golemsmith 5e,Proposed KEEP,,0,53
Golemsmith build,Proposed KEEP,,0,53
Grave Domain 5e,Proposed KEEP,,765,53
Grave Domain build,Proposed KEEP,,11,53
Graveshroud 5e,Proposed KEEP,,0,53
Graveshroud build,Proposed KEEP,,0,53
Graviturgy Magic 5e,Proposed KEEP,,100,53
Graviturgy Magic build,Proposed KEEP,,0,53
Great Old One Patron 5e,Proposed KEEP,,1,53
Great Old One Patron build,Proposed KEEP,,0,53
Green Craft 5e,Proposed KEEP,,81,53
Green Craft build,Proposed KEEP,,100,53
Green Reaper 5e,Proposed KEEP,,0,53
Green Reaper build,Proposed KEEP,,0,53
Guardian 5e,Proposed KEEP,,836,53
Guardian Paladin,Proposed KEEP,,1857,53
Guardian build,Proposed KEEP,,2993,53
Guild Master 5e,Proposed KEEP,,17,53
Guild Master build,Proposed KEEP,,154,53
Gunslinger 2024,Proposed KEEP,,942,53
Gunslinger 5e,Proposed KEEP,,53,53
Gunslinger build,Proposed KEEP,,3648,53
Gunsmith 5e,Proposed KEEP,,3,53
Gunsmith build,Proposed KEEP,,1511,53
Harvest Paladin,Proposed KEEP,,176,53
Haunted 5e,Proposed KEEP,,730,53
Haunted build,Proposed KEEP,,1589,53
Hedge Mage 5e,Proposed KEEP,,0,53
Hedge Mage build,Proposed KEEP,,6,53
Hellspeaker 5e,Proposed KEEP,,0,53
Hellspeaker build,Proposed KEEP,,100,53
Heroism Paladin,Proposed KEEP,,124,53
Hexblade 5e,Proposed KEEP,,699,53
Hexblade Patron 5e,Proposed KEEP,,9,53
Hexblade Patron build,Proposed KEEP,,0,53
Hexblade build,Proposed KEEP,,1034,53
Hexsinger 5e,Proposed KEEP,,0,53
Hexsinger build,Proposed KEEP,,0,53
High Roller 5e,Proposed KEEP,,7,53
High Roller build,Proposed KEEP,,864,53
Highway Rider 5e,Proposed KEEP,,5,53
Highway Rider build,Proposed KEEP,,0,53
Hive Druid,Proposed KEEP,,168,53
Horizon Walker 5e,Proposed KEEP,,170,53
Horizon Walker build,Proposed KEEP,,129,53
House of Cards 5e,Proposed KEEP,,6,53
House of Cards build,Proposed KEEP,,1310,53
House of Dice 5e,Proposed KEEP,,0,53
House of Dice build,Proposed KEEP,,0,53
House of Knights 5e,Proposed KEEP,,0,53
House of Knights build,Proposed KEEP,,2,53
Hungering Dark Sorcerer 5e,Proposed KEEP,,0,53
Hungering Dark Sorcerer build,Proposed KEEP,,0,53
Hunter 5e,Proposed KEEP,,118,53
Hunter build,Proposed KEEP,,1075,53
Illrigger 2024,Proposed KEEP,,7,53
Illrigger 5e,Proposed KEEP,,1037,53
Illrigger build,Proposed KEEP,,3,53
Immortal 5e,Proposed KEEP,,9,53
Immortal build,Proposed KEEP,,3817,53
Infusionsmith 5e,Proposed KEEP,,97,53
Infusionsmith build,Proposed KEEP,,100,53
Inquisition Domain 5e,Proposed KEEP,,0,53
Inquisition Domain build,Proposed KEEP,,100,53
Inquisitive 5e,Proposed KEEP,,977,53
Inquisitive build,Proposed KEEP,,167,53
Inquisitor 5e,Proposed KEEP,,14,53
Inquisitor build,Proposed KEEP,,3114,53
Inventor 2024,Proposed KEEP,,1936,53
Inventor 5e,Proposed KEEP,,4,53
Inventor build,Proposed KEEP,,209,53
Investigator 2024,Proposed KEEP,,1300,53
Investigator 5e,Proposed KEEP,,3,53
Investigator build,Proposed KEEP,,102,53
Iron Chin 5e,Proposed KEEP,,0,53
Iron Chin build,Proposed KEEP,,0,53
Keeper Domain (Cleric) 5e,Proposed KEEP,,0,53
Keeper Domain (Cleric) build,Proposed KEEP,,0,53
Kensei Monk,Proposed KEEP,,3267,53
Knight 5e,Proposed KEEP,,1252,53
Knight build,Proposed KEEP,,3356,53
Knight-Chandler 5e,Proposed KEEP,,0,53
Knight-Chandler build,Proposed KEEP,,0,53
Knowledge Domain 5e,Proposed KEEP,,124,53
Knowledge Domain build,Proposed KEEP,,528,53
Kraken Patron 5e,Proposed KEEP,,0,53
Kraken Patron build,Proposed KEEP,,0,53
Land Druid,Proposed KEEP,,52,53
Leaden Crown Monk,Proposed KEEP,,0,53
Life Domain 5e,Proposed KEEP,,1214,53
Life Domain build,Proposed KEEP,,2652,53
Light Domain 5e,Proposed KEEP,,1046,53
Light Domain build,Proposed KEEP,,2024,53
Light Weaver Sorcerous Origin (Sorcerer) 5e,Proposed KEEP,,0,53
Light Weaver Sorcerous Origin (Sorcerer) build,Proposed KEEP,,0,53
Living Crucible 5e,Proposed KEEP,,0,53
Living Crucible build,Proposed KEEP,,0,53
Living Weapon Monk,Proposed KEEP,,13,53
Long Death Monk,Proposed KEEP,,129,53
Lore Bard,Proposed KEEP,,3907,53
Lore Mastery 5e,Proposed KEEP,,0,53
Lore Mastery build,Proposed KEEP,,2,53
Lunar Magic 5e,Proposed KEEP,,0,53
Lunar Magic build,Proposed KEEP,,74,53
Lunar Sorcery 5e,Proposed KEEP,,100,53
Lunar Sorcery build,Proposed KEEP,,0,53
Mage of Lorehold 5e,Proposed KEEP,,0,53
Mage of Lorehold build,Proposed KEEP,,0,53
Mage of Prismari 5e,Proposed KEEP,,0,1
Mage of Prismari build,Proposed KEEP,,0,1
Mage of Quandrix 5e,Proposed KEEP,,0,53
Mage of Quandrix build,Proposed KEEP,,0,53
Mage of Silverquill 5e,Proposed KEEP,,0,1
Mage of Silverquill build,Proposed KEEP,,0,1
Mage of Witherbloom 5e,Proposed KEEP,,0,53
Mage of Witherbloom build,Proposed KEEP,,0,1
Magus 2024,Proposed KEEP,,573,53
Magus 5e,Proposed KEEP,,2,53
Magus build,Proposed KEEP,,242,53
Marked 5e,Proposed KEEP,,0,53
Marked build,Proposed KEEP,,1345,53
Martyr 2024,Proposed KEEP,,55,53
Martyr 5e,Proposed KEEP,,0,53
Martyr build,Proposed KEEP,,3,53
Masks Bard,Proposed KEEP,,23,53
Mastermaker 5e,Proposed KEEP,,0,53
Mastermaker build,Proposed KEEP,,0,53
Mastermind 5e,Proposed KEEP,,500,53
Mastermind build,Proposed KEEP,,949,53
Maverick 5e,Proposed KEEP,,3,53
Maverick build,Proposed KEEP,,2983,53
Mercantile Bard,Proposed KEEP,,0,53
Merchant 2024,Proposed DROP,Too broad: generic English/D&D word 'Merchant',1184,53
Merchant 5e,Proposed DROP,Too broad: generic English/D&D word 'Merchant',2,53
Merchant build,Proposed DROP,Too broad: generic English/D&D word 'Merchant',103,53
Mercy Monk,Proposed KEEP,,2997,53
Messenger 2024,Proposed DROP,Too broad: generic English/D&D word 'Messenger',1804,53
Messenger 5e,Proposed DROP,Too broad: generic English/D&D word 'Messenger',8,53
Messenger build,Proposed DROP,Too broad: generic English/D&D word 'Messenger',136,53
Metamind 5e,Proposed KEEP,,66,53
Metamind build,Proposed KEEP,,0,53
Metamorph 5e,Proposed KEEP,,0,53
Metamorph build,Proposed KEEP,,76,53
Mind Domain 5e,Proposed KEEP,,3,53
Mind Domain build,Proposed KEEP,,4,53
Misfortune Bringer 5e,Proposed KEEP,,0,53
Misfortune Bringer build,Proposed KEEP,,0,53
Monk 2024,Proposed KEEP,,1979,53
Monk 5e,Proposed KEEP,,2167,53
Monk build,Proposed KEEP,,1351,53
Monk: Sheep Dragon Shepherd 5e,Proposed KEEP,,0,53
Monk: Sheep Dragon Shepherd build,Proposed KEEP,,0,53
Monk: Warrior of the Pestilent Haze 5e,Proposed KEEP,,0,53
Monk: Warrior of the Pestilent Haze build,Proposed KEEP,,100,53
Monk: Way of the Aether 5e,Proposed KEEP,,100,53
Monk: Way of the Aether build,Proposed KEEP,,0,53
Monster Hunter 2024,Proposed KEEP,,214,53
Monster Hunter 5e,Proposed KEEP,,11,53
Monster Hunter build,Proposed KEEP,,555,53
Monster Slayer 5e,Proposed KEEP,,5,53
Monster Slayer build,Proposed KEEP,,2,53
Moon Domain 5e,Proposed KEEP,,1,53
Moon Domain build,Proposed KEEP,,8,53
Moon Druid,Proposed KEEP,,4033,53
Mother of Sorrows (Warlock) 5e,Proposed KEEP,,0,53
Mother of Sorrows (Warlock) build,Proposed KEEP,,0,53
Moxie 5e,Proposed KEEP,,0,53
Moxie build,Proposed KEEP,,151,53
Muscle Wizard 5e,Proposed KEEP,,5,53
Muscle Wizard build,Proposed KEEP,,0,53
Mutagenist 5e,Proposed KEEP,,0,53
Mutagenist build,Proposed KEEP,,0,53
Mutation Druid,Proposed KEEP,,2,53
Myconid Druid,Proposed KEEP,,18,53
Mystic 2024,Proposed KEEP,,1780,53
Mystic 5e,Proposed KEEP,,0,53
Mystic build,Proposed KEEP,,637,53
Naturalist 5e,Proposed KEEP,,0,53
Naturalist build,Proposed KEEP,,127,53
Nature Domain 5e,Proposed KEEP,,129,53
Nature Domain build,Proposed KEEP,,108,53
Necromancer 2024,Proposed KEEP,,1487,53
Necromancer 5e,Proposed KEEP,,1561,53
Necromancer build,Proposed KEEP,,3137,53
Noble Genies Paladin,Proposed KEEP,,35,53
Nomad 5e,Proposed DROP,Too broad: generic English/D&D word 'Nomad',2,53
Nomad build,Proposed DROP,Too broad: generic English/D&D word 'Nomad',1106,53
Oath of Conquest 5e,Proposed KEEP,,663,53
Oath of Conquest build,Proposed KEEP,,7,53
Oath of Devotion 5e,Proposed KEEP,,409,53
Oath of Devotion build,Proposed KEEP,,39,53
Oath of Glory 5e,Proposed KEEP,,536,53
Oath of Glory build,Proposed KEEP,,38,53
Oath of Heroism 5e,Proposed KEEP,,0,53
Oath of Heroism build,Proposed KEEP,,0,53
Oath of Pestilence 5e,Proposed KEEP,,0,53
Oath of Pestilence build,Proposed KEEP,,100,53
Oath of Redemption 5e,Proposed KEEP,,120,53
Oath of Redemption build,Proposed KEEP,,3,53
Oath of Treachery 5e,Proposed KEEP,,38,53
Oath of Treachery build,Proposed KEEP,,28,53
Oath of Vengeance 5e,Proposed KEEP,,2537,53
Oath of Vengeance build,Proposed KEEP,,1836,53
Oath of Zeal 5e,Proposed KEEP,,16,53
Oath of Zeal build,Proposed KEEP,,0,53
Oath of the Ancients 5e,Proposed KEEP,,379,53
Oath of the Ancients build,Proposed KEEP,,47,53
Oath of the Crown 5e,Proposed KEEP,,570,53
Oath of the Crown build,Proposed KEEP,,159,53
Oath of the Guardian 5e,Proposed KEEP,,0,53
Oath of the Guardian build,Proposed KEEP,,0,53
Oath of the Noble Genies 5e,Proposed KEEP,,11,53
Oath of the Noble Genies build,Proposed KEEP,,100,53
Oath of the Rift 5e,Proposed KEEP,,4,53
Oath of the Rift build,Proposed KEEP,,0,53
Oath of the Watchers 5e,Proposed KEEP,,8,53
Oath of the Watchers build,Proposed KEEP,,0,53
Oathbreaker 5e,Proposed KEEP,,686,53
Oathbreaker build,Proposed KEEP,,1133,53
Occultist 2024,Proposed KEEP,,12,53
Occultist 5e,Proposed KEEP,,35,53
Occultist Guild 5e,Proposed KEEP,,0,53
Occultist Guild build,Proposed KEEP,,0,53
Occultist build,Proposed KEEP,,85,53
Old Ways Druid,Proposed KEEP,,107,53
Onomancy 5e,Proposed KEEP,,0,53
Onomancy build,Proposed KEEP,,0,53
Oracle 5e,Proposed KEEP,,59,53
Oracle build,Proposed KEEP,,1827,53
Order Domain 5e,Proposed KEEP,,38,53
Order Domain build,Proposed KEEP,,321,53
Order of Scribes 5e,Proposed KEEP,,766,53
Order of Scribes build,Proposed KEEP,,83,53
Order of Shadows 5e,Proposed KEEP,,3,53
Order of Shadows build,Proposed KEEP,,0,53
Order of the Blood Rose 5e,Proposed KEEP,,0,53
Order of the Blood Rose build,Proposed KEEP,,4,53
Order of the Ghostslayer 5e,Proposed KEEP,,0,53
Order of the Ghostslayer build,Proposed KEEP,,0,53
Order of the Haunted 5e,Proposed KEEP,,53,53
Order of the Haunted build,Proposed KEEP,,0,53
Order of the Lycan 5e,Proposed KEEP,,100,53
Order of the Lycan build,Proposed KEEP,,0,53
Order of the Mutant 5e,Proposed KEEP,,0,53
Order of the Mutant build,Proposed KEEP,,0,53
Order of the Profane Soul 5e,Proposed KEEP,,0,53
Order of the Profane Soul build,Proposed KEEP,,0,53
Order of the Quarry 5e,Proposed KEEP,,0,53
Order of the Quarry build,Proposed KEEP,,277,53
Order of the Twin Soul 5e,Proposed KEEP,,0,53
Order of the Twin Soul build,Proposed KEEP,,0,53
Outlaw 5e,Proposed DROP,Too broad: generic English/D&D word 'Outlaw',0,53
Outlaw build,Proposed DROP,Too broad: generic English/D&D word 'Outlaw',2515,53
Packleader 5e,Proposed KEEP,,0,53
Packleader build,Proposed KEEP,,0,53
Pact of the Cannon 5e,Proposed KEEP,,0,53
Pact of the Cannon build,Proposed KEEP,,0,53
Painkiller 5e,Proposed KEEP,,0,53
Painkiller build,Proposed KEEP,,168,53
Paladin 2024,Proposed KEEP,,361,53
Paladin 5e,Proposed KEEP,,1040,53
Paladin build,Proposed KEEP,,1011,53
Paladin of Dawn 5e,Proposed KEEP,,0,53
Paladin of Dawn build,Proposed KEEP,,0,53
Paladin: Oath of Castigation 5e,Proposed KEEP,,0,53
Paladin: Oath of Castigation build,Proposed KEEP,,0,53
Paladin: Oath of the Harvest 5e,Proposed KEEP,,94,53
Paladin: Oath of the Harvest build,Proposed KEEP,,0,53
Paladin: Oath of the River 5e,Proposed KEEP,,0,53
Paladin: Oath of the River build,Proposed KEEP,,0,53
Paladin: Oath of the Spelldrinker 5e,Proposed KEEP,,0,53
Paladin: Oath of the Spelldrinker build,Proposed KEEP,,46,53
Path of Wild Magic 5e,Proposed KEEP,,102,53
Path of Wild Magic build,Proposed KEEP,,0,53
Path of the Ancestral Guardian 5e,Proposed KEEP,,54,53
Path of the Ancestral Guardian build,Proposed KEEP,,0,53
Path of the Battlerager 5e,Proposed KEEP,,0,53
Path of the Battlerager build,Proposed KEEP,,47,53
Path of the Beast 5e,Proposed KEEP,,252,53
Path of the Beast build,Proposed KEEP,,12,53
Path of the Berserker 5e,Proposed KEEP,,13,53
Path of the Berserker build,Proposed KEEP,,0,53
Path of the Bloodrager 5e,Proposed KEEP,,77,53
Path of the Bloodrager build,Proposed KEEP,,0,53
Path of the Depths 5e,Proposed KEEP,,0,53
Path of the Depths build,Proposed KEEP,,0,53
Path of the Fractured 5e,Proposed KEEP,,0,53
Path of the Fractured build,Proposed KEEP,,0,53
Path of the Frostborn 5e,Proposed KEEP,,0,53
Path of the Frostborn build,Proposed KEEP,,100,53
Path of the Giant 5e,Proposed KEEP,,560,53
Path of the Giant build,Proposed KEEP,,358,53
Path of the Juggernaut 5e,Proposed KEEP,,5,53
Path of the Juggernaut build,Proposed KEEP,,0,53
Path of the Pale Rider 5e,Proposed KEEP,,0,53
Path of the Pale Rider build,Proposed KEEP,,0,53
Path of the Primal Spirit 5e,Proposed KEEP,,0,53
Path of the Primal Spirit build,Proposed KEEP,,0,53
Path of the Storm Herald 5e,Proposed KEEP,,5,53
Path of the Storm Herald build,Proposed KEEP,,100,53
Path of the Stormchaser 5e,Proposed KEEP,,0,53
Path of the Stormchaser build,Proposed KEEP,,0,53
Path of the Thunder King 5e,Proposed KEEP,,0,53
Path of the Thunder King build,Proposed KEEP,,0,53
Path of the Totem Warrior 5e,Proposed KEEP,,96,53
Path of the Totem Warrior build,Proposed KEEP,,0,53
Path of the Wild Heart 5e,Proposed KEEP,,100,53
Path of the Wild Heart build,Proposed KEEP,,0,53
Path of the Wild Soul 5e,Proposed KEEP,,0,53
Path of the Wild Soul build,Proposed KEEP,,80,53
Path of the Wildstrider 5e,Proposed KEEP,,0,53
Path of the Wildstrider build,Proposed KEEP,,0,53
Path of the World Tree 5e,Proposed KEEP,,9,53
Path of the World Tree build,Proposed KEEP,,5,53
Path of the Zealot 5e,Proposed KEEP,,5,53
Path of the Zealot build,Proposed KEEP,,0,53
Peace Domain 5e,Proposed KEEP,,303,53
Peace Domain build,Proposed KEEP,,8,53
Pestilence Paladin,Proposed KEEP,,165,53
Petal Druid,Proposed KEEP,,0,53
Phantom (Revived) 5e,Proposed KEEP,,0,53
Phantom (Revived) build,Proposed KEEP,,46,53
Phantom 5e,Proposed KEEP,,672,53
Phantom build,Proposed KEEP,,3043,53
Philosopher 5e,Proposed DROP,Too broad: generic English/D&D word 'Philosopher',3,53
Philosopher build,Proposed DROP,Too broad: generic English/D&D word 'Philosopher',1412,53
Phoenix 5e,Proposed KEEP,,1921,53
Phoenix build,Proposed KEEP,,2009,53
Physician 5e,Proposed DROP,Too broad: generic English/D&D word 'Physician',2,53
Physician build,Proposed DROP,Too broad: generic English/D&D word 'Physician',1562,53
Plague Doctor 5e,Proposed KEEP,,175,53
Plague Doctor build,Proposed KEEP,,29,53
Polymath 5e,Proposed KEEP,,0,53
Polymath build,Proposed KEEP,,2,53
Potionsmith 5e,Proposed KEEP,,0,53
Potionsmith build,Proposed KEEP,,0,53
Pride Monk,Proposed KEEP,,2001,53
Primal Companion 5e,Proposed KEEP,,2,53
Primal Companion build,Proposed KEEP,,0,53
Primal Wanderer 5e,Proposed KEEP,,0,53
Primal Wanderer build,Proposed KEEP,,36,53
Primeval 5e,Proposed KEEP,,51,53
Primeval Druid,Proposed KEEP,,14,53
Primeval Guardian 5e,Proposed KEEP,,0,53
Primeval Guardian build,Proposed KEEP,,0,53
Primeval build,Proposed KEEP,,13,53
Prophet (Monk) Monk,Proposed KEEP,,225,53
Protection Domain 5e,Proposed KEEP,,0,53
Protection Domain build,Proposed KEEP,,329,53
Psi Warper 5e,Proposed KEEP,,0,53
Psi Warper build,Proposed KEEP,,0,53
Psi Warrior 5e,Proposed KEEP,,649,53
Psi Warrior build,Proposed KEEP,,9,53
Psion 2024,Proposed KEEP,,132,53
Psion 5e,Proposed KEEP,,439,53
Psion build,Proposed KEEP,,2,53
Psionics (Psion) 2024,Proposed KEEP,,0,53
Psionics (Psion) 5e,Proposed KEEP,,0,53
Psionics (Psion) build,Proposed KEEP,,3,53
Psionics 5e,Proposed KEEP,,97,53
Psionics build,Proposed KEEP,,6,53
Psykinetic 5e,Proposed KEEP,,0,53
Psykinetic build,Proposed KEEP,,0,53
Pugilist 2024,Proposed KEEP,,2,53
Pugilist 5e,Proposed KEEP,,238,53
Pugilist build,Proposed KEEP,,206,53
Purple Dragon Knight (Banneret) 5e,Proposed KEEP,,0,53
Purple Dragon Knight (Banneret) build,Proposed KEEP,,100,53
Pyromancer 5e,Proposed KEEP,,6,53
Pyromancer build,Proposed KEEP,,3470,53
Ranger 2024,Proposed KEEP,,3408,53
Ranger 5e,Proposed KEEP,,690,53
Ranger build,Proposed KEEP,,1132,53
Ranger: Corrupted Ranger 5e,Proposed KEEP,,0,53
Ranger: Corrupted Ranger build,Proposed KEEP,,100,53
Ranger: Grim Harbinger 5e,Proposed KEEP,,0,53
Ranger: Grim Harbinger build,Proposed KEEP,,0,53
Ranger: Rocborne 5e,Proposed KEEP,,0,53
Ranger: Rocborne build,Proposed KEEP,,0,53
Raven Monk,Proposed KEEP,,126,53
Reanimator 5e,Proposed KEEP,,123,53
Reanimator build,Proposed KEEP,,50,53
Reaper 5e,Proposed KEEP,,191,53
Reaper build,Proposed KEEP,,1939,53
Red Craft 5e,Proposed KEEP,,0,53
Red Craft build,Proposed KEEP,,283,53
Redemption Paladin,Proposed KEEP,,2563,53
Relic Seeker 5e,Proposed KEEP,,0,53
Relic Seeker build,Proposed KEEP,,89,53
Renegade 5e,Proposed KEEP,,15,53
Renegade build,Proposed KEEP,,1166,53
Requiem Bard,Proposed KEEP,,170,53
Requiems Bard,Proposed KEEP,,0,53
Rift Paladin,Proposed KEEP,,116,53
Riftwalker 5e,Proposed KEEP,,0,53
Riftwalker build,Proposed KEEP,,4,53
River Paladin,Proposed KEEP,,674,53
Rogue 2024,Proposed KEEP,,2017,53
Rogue 5e,Proposed KEEP,,861,53
Rogue build,Proposed KEEP,,1533,53
Rogue: Grim Surgeon 5e,Proposed KEEP,,0,53
Rogue: Grim Surgeon build,Proposed KEEP,,0,53
Rogue: Sinner 5e,Proposed KEEP,,100,53
Rogue: Sinner build,Proposed KEEP,,0,53
Rogue: Waxwork Rogue 5e,Proposed KEEP,,0,53
Rogue: Waxwork Rogue build,Proposed KEEP,,0,53
Ruffian 5e,Proposed KEEP,,100,53
Ruffian build,Proposed KEEP,,57,53
Ruin Druid,Proposed KEEP,,17,53
Rune Knight 5e,Proposed KEEP,,1364,53
Rune Knight build,Proposed KEEP,,623,53
Rune Sage 5e,Proposed KEEP,,0,53
Rune Sage build,Proposed KEEP,,100,53
Rune Scribe 5e,Proposed KEEP,,0,53
Rune Scribe build,Proposed KEEP,,0,53
Runecrafter 5e,Proposed KEEP,,0,53
Runecrafter build,Proposed KEEP,,0,53
Runekeeper 2024,Proposed KEEP,,2,53
Runekeeper 5e,Proposed KEEP,,0,53
Runekeeper build,Proposed KEEP,,0,53
Runic Scholar 5e,Proposed KEEP,,0,53
Runic Scholar build,Proposed KEEP,,0,53
Runic Warrior 5e,Proposed KEEP,,50,53
Runic Warrior build,Proposed KEEP,,100,53
Samurai 5e,Proposed KEEP,,559,53
Samurai build,Proposed KEEP,,2773,53
Sangromancer 5e,Proposed KEEP,,0,53
Sangromancer build,Proposed KEEP,,0,53
Sanguine Knight 5e,Proposed KEEP,,0,53
Sanguine Knight build,Proposed KEEP,,0,53
Satire Bard,Proposed KEEP,,14,53
Savage 5e,Proposed DROP,Too broad: generic English/D&D word 'Savage',820,53
Savage build,Proposed DROP,Too broad: generic English/D&D word 'Savage',1616,53
Savant 2024,Proposed KEEP,,914,53
Savant 5e,Proposed KEEP,,0,53
Savant build,Proposed KEEP,,42,53
Scholar 2024,Proposed DROP,Too broad: generic English/D&D word 'Scholar',1992,53
Scholar 5e,Proposed DROP,Too broad: generic English/D&D word 'Scholar',7,53
Scholar build,Proposed DROP,Too broad: generic English/D&D word 'Scholar',128,53
School of Abjuration 5e,Proposed KEEP,,5,53
School of Abjuration build,Proposed KEEP,,0,53
School of Chronomancy 5e,Proposed KEEP,,0,53
School of Chronomancy build,Proposed KEEP,,0,53
School of Conjuration 5e,Proposed KEEP,,7,53
School of Conjuration build,Proposed KEEP,,0,53
School of Divination 5e,Proposed KEEP,,14,53
School of Divination build,Proposed KEEP,,0,53
School of Enchantment 5e,Proposed KEEP,,122,53
School of Enchantment build,Proposed KEEP,,0,53
School of Evocation 5e,Proposed KEEP,,4,53
School of Evocation build,Proposed KEEP,,0,53
School of Illusion 5e,Proposed KEEP,,0,53
School of Illusion build,Proposed KEEP,,38,53
School of Invention 5e,Proposed KEEP,,0,53
School of Invention build,Proposed KEEP,,50,53
School of Necromancy 5e,Proposed KEEP,,212,53
School of Necromancy build,Proposed KEEP,,6,53
School of Runecraft 5e,Proposed KEEP,,0,53
School of Runecraft build,Proposed KEEP,,0,53
School of Transmutation 5e,Proposed KEEP,,13,53
School of Transmutation build,Proposed KEEP,,0,53
School of War Magic 5e,Proposed KEEP,,100,53
School of War Magic build,Proposed KEEP,,0,53
Scion of the Three 5e,Proposed KEEP,,19,53
Scion of the Three build,Proposed KEEP,,0,53
Scout 5e,Proposed DROP,Too broad: generic English/D&D word 'Scout',1121,53
Scout build,Proposed DROP,Too broad: generic English/D&D word 'Scout',3240,53
Sea Druid,Proposed KEEP,,635,53
Sea Sorcerer 5e,Proposed KEEP,,10,53
Sea Sorcerer build,Proposed KEEP,,0,53
Seasons Druid,Proposed KEEP,,309,53
Secret Agent 5e,Proposed KEEP,,0,53
Secret Agent build,Proposed KEEP,,273,53
Seeker 5e,Proposed KEEP,,6,53
Seeker build,Proposed KEEP,,2397,53
Shadow (Bard) Bard,Proposed KEEP,,1680,53
Shadow Arcane Tradition (Wizard) 5e,Proposed KEEP,,0,53
Shadow Arcane Tradition (Wizard) build,Proposed KEEP,,0,53
Shadow Domain (Cleric) 5e,Proposed KEEP,,4,53
Shadow Domain (Cleric) build,Proposed KEEP,,83,53
Shadow Gnawer (Barbarian) 5e,Proposed KEEP,,274,53
Shadow Gnawer (Barbarian) build,Proposed KEEP,,0,53
Shadow Magic 5e,Proposed KEEP,,2502,53
Shadow Magic build,Proposed KEEP,,649,53
Shadow Stalker 5e,Proposed KEEP,,100,53
Shadow Stalker build,Proposed KEEP,,94,53
Shadow Warrior 5e,Proposed KEEP,,2,53
Shadow Warrior build,Proposed KEEP,,7,53
Shadowbaned 5e,Proposed KEEP,,0,53
Shadowbaned build,Proposed KEEP,,0,53
Shadowmaster 5e,Proposed KEEP,,0,53
Shadowmaster build,Proposed KEEP,,0,53
Shadows (Druid) Druid,Proposed KEEP,,123,53
Shaman 2024,Proposed KEEP,,99,53
Shaman 5e,Proposed KEEP,,5,53
Shaman build,Proposed KEEP,,2569,53
Sharpshooter 5e,Proposed KEEP,,612,53
Sharpshooter build,Proposed KEEP,,136,53
Shepherd Druid,Proposed KEEP,,2738,53
Shroud Domain 5e,Proposed KEEP,,40,53
Shroud Domain build,Proposed KEEP,,0,53
Sinister Scholar 5e,Proposed KEEP,,0,53
Sinister Scholar build,Proposed KEEP,,0,53
Smoke Master 5e,Proposed KEEP,,0,53
Smoke Master build,Proposed KEEP,,90,53
Solar Spirits Druid,Proposed KEEP,,0,53
Sorcerer 2024,Proposed KEEP,,263,53
Sorcerer 5e,Proposed KEEP,,792,53
Sorcerer build,Proposed KEEP,,994,53
Sorcerer: Crimson Sorcery 5e,Proposed KEEP,,0,53
Sorcerer: Crimson Sorcery build,Proposed KEEP,,0,53
Sorcerer: Desert Soul 5e,Proposed KEEP,,0,53
Sorcerer: Desert Soul build,Proposed KEEP,,100,53
Sorcerer: Oni Bloodline 5e,Proposed KEEP,,0,53
Sorcerer: Oni Bloodline build,Proposed KEEP,,0,53
Soul Knife 5e,Proposed KEEP,,35,53
Soul Knife Monk,Proposed KEEP,,105,53
Soul Knife build,Proposed KEEP,,5,53
Soulbinder 5e,Proposed KEEP,,0,53
Soulbinder build,Proposed KEEP,,0,53
Soulblade 5e,Proposed KEEP,,0,53
Soulblade build,Proposed KEEP,,0,53
Soulknife 5e,Proposed KEEP,,373,53
Soulknife Expanded 5e,Proposed KEEP,,91,53
Soulknife Expanded build,Proposed KEEP,,0,53
Soulknife build,Proposed KEEP,,9,53
Spell Scorned Barbarian 5e,Proposed KEEP,,0,53
Spell Scorned Barbarian build,Proposed KEEP,,0,53
Spellblade 5e,Proposed KEEP,,67,53
Spellblade build,Proposed KEEP,,1386,53
Spellbreaker 5e,Proposed KEEP,,0,53
Spellbreaker build,Proposed KEEP,,226,53
Spelldrinker Paladin,Proposed KEEP,,70,53
Spellfire Sorcerer 5e,Proposed KEEP,,61,53
Spellfire Sorcerer build,Proposed KEEP,,3,53
Spellfire Sorcery 5e,Proposed KEEP,,0,53
Spellfire Sorcery build,Proposed KEEP,,0,53
Spellslinger 5e,Proposed KEEP,,0,53
Spellslinger build,Proposed KEEP,,237,53
Spirit Warrior 5e,Proposed KEEP,,7,53
Spirit Warrior build,Proposed KEEP,,136,53
Spiritcaller 5e,Proposed KEEP,,0,53
Spiritcaller build,Proposed KEEP,,0,53
Spiritlord 5e,Proposed KEEP,,0,53
Spiritlord build,Proposed KEEP,,0,53
Spirits Bard,Proposed KEEP,,1467,53
Spores Druid,Proposed KEEP,,2242,53
Spores Expanded Druid,Proposed KEEP,,100,53
Squared Circle 5e,Proposed KEEP,,0,53
Squared Circle build,Proposed KEEP,,0,53
Stalker 5e,Proposed DROP,Too broad: generic English/D&D word 'Stalker',1584,53
Stalker build,Proposed DROP,Too broad: generic English/D&D word 'Stalker',3361,53
Stars Druid,Proposed KEEP,,1229,53
Steelheart 5e,Proposed KEEP,,0,53
Steelheart build,Proposed KEEP,,0,53
Stone Sorcerer 5e,Proposed KEEP,,2,53
Stone Sorcerer build,Proposed KEEP,,0,53
Storm Sorcery 5e,Proposed KEEP,,12,53
Storm Sorcery build,Proposed KEEP,,16,53
Sun Soul Monk,Proposed KEEP,,72,53
Swarmkeeper 5e,Proposed KEEP,,201,53
Swarmkeeper build,Proposed KEEP,,657,53
Swarms Bard,Proposed KEEP,,100,53
Swashbuckler 5e,Proposed KEEP,,396,53
Swashbuckler build,Proposed KEEP,,1146,53
Swords Bard,Proposed KEEP,,3091,53
Tactician 5e,Proposed KEEP,,10,53
Tactician build,Proposed KEEP,,1216,53
Talent 2024,Proposed KEEP,,1844,53
Talent 5e,Proposed KEEP,,160,53
Talent build,Proposed KEEP,,338,53
Tattooed Warrior 5e,Proposed KEEP,,0,53
Tattooed Warrior build,Proposed KEEP,,0,53
Telekinetic 5e,Proposed KEEP,,2691,53
Telekinetic build,Proposed KEEP,,110,53
Telepath 5e,Proposed KEEP,,75,53
Telepath build,Proposed KEEP,,160,53
Tempest Domain 5e,Proposed KEEP,,217,53
Tempest Domain build,Proposed KEEP,,119,53
Temporal Knight 5e,Proposed KEEP,,0,53
Temporal Knight build,Proposed KEEP,,0,53
The Celestial 5e,Proposed KEEP,,58,53
The Celestial build,Proposed KEEP,,258,53
The Dreamwalker 5e,Proposed KEEP,,0,53
The Dreamwalker build,Proposed KEEP,,0,53
The First Vampire 5e,Proposed KEEP,,0,53
The First Vampire build,Proposed KEEP,,0,53
The Forsaken 5e,Proposed KEEP,,100,53
The Forsaken build,Proposed KEEP,,606,53
The Genie 5e,Proposed KEEP,,52,53
The Genie build,Proposed KEEP,,90,53
The Grinning Sinner 5e,Proposed KEEP,,0,53
The Grinning Sinner build,Proposed KEEP,,89,53
The Harvester 5e,Proposed KEEP,,0,53
The Harvester build,Proposed KEEP,,217,53
The Lurker in the Deep 5e,Proposed KEEP,,0,53
The Lurker in the Deep build,Proposed KEEP,,0,53
The Parasite 5e,Proposed KEEP,,77,53
The Parasite build,Proposed KEEP,,495,53
The Raven Queen 5e,Proposed KEEP,,387,53
The Raven Queen build,Proposed KEEP,,0,53
The Rocborne 5e,Proposed KEEP,,0,53
The Rocborne build,Proposed KEEP,,100,53
The Seeker 5e,Proposed KEEP,,58,53
The Seeker build,Proposed KEEP,,365,53
The Swarm 5e,Proposed KEEP,,232,53
The Swarm build,Proposed KEEP,,1318,53
The Undead 5e,Proposed KEEP,,2458,53
The Undead build,Proposed KEEP,,305,53
The Undying Light 5e,Proposed KEEP,,0,53
The Undying Light build,Proposed KEEP,,0,53
Theurgy 5e,Proposed KEEP,,0,53
Theurgy build,Proposed KEEP,,45,53
Thief 5e,Proposed KEEP,,749,53
Thief build,Proposed KEEP,,2866,53
Thunderheart 5e,Proposed KEEP,,0,53
Thunderheart build,Proposed KEEP,,0,53
Time Weaver 5e,Proposed KEEP,,0,53
Time Weaver build,Proposed KEEP,,104,53
Timeless 5e,Proposed KEEP,,0,53
Timeless build,Proposed KEEP,,1915,53
Trade Baron 5e,Proposed KEEP,,0,53
Trade Baron build,Proposed KEEP,,100,53
Trail Warden 5e,Proposed KEEP,,0,53
Trail Warden build,Proposed KEEP,,0,53
Tranquility Monk,Proposed KEEP,,12,53
Transcendent 5e,Proposed KEEP,,0,53
Transcendent build,Proposed KEEP,,227,53
Transmuter 5e,Proposed KEEP,,4,53
Transmuter build,Proposed KEEP,,41,53
Trapper Guild 5e,Proposed KEEP,,0,53
Trapper Guild build,Proposed KEEP,,100,53
Treachery Paladin,Proposed KEEP,,4,53
Treasure Hunter 2024,Proposed KEEP,,33,53
Treasure Hunter 5e,Proposed KEEP,,0,53
Treasure Hunter build,Proposed KEEP,,0,53
Trick Shot 5e,Proposed KEEP,,0,53
Trick Shot build,Proposed KEEP,,6,53
Trickery Domain 5e,Proposed KEEP,,167,53
Trickery Domain build,Proposed KEEP,,117,53
Trickster Patron 5e,Proposed KEEP,,0,53
Trickster Patron build,Proposed KEEP,,0,53
Twilight Domain 5e,Proposed KEEP,,662,53
Twilight Domain build,Proposed KEEP,,16,53
Twilight Druid,Proposed KEEP,,844,53
Umbra Domain 5e,Proposed KEEP,,0,53
Umbra Domain build,Proposed KEEP,,100,53
Umbral Binder (Rogue) 5e,Proposed KEEP,,100,53
Umbral Binder (Rogue) build,Proposed KEEP,,0,53
Undead Patron 5e,Proposed KEEP,,196,53
Undead Patron build,Proposed KEEP,,63,53
Undying 5e,Proposed KEEP,,188,53
Undying Patron 5e,Proposed KEEP,,71,53
Undying Patron build,Proposed KEEP,,0,53
Undying build,Proposed KEEP,,744,53
Unity Domain 5e,Proposed KEEP,,0,53
Unity Domain build,Proposed KEEP,,182,53
Valor Bard,Proposed KEEP,,3235,53
Veiled Fist Monk,Proposed KEEP,,0,53
Vengeance Paladin,Proposed KEEP,,3772,53
Verdant 5e,Proposed KEEP,,2,53
Verdant Path Monk,Proposed KEEP,,0,53
Verdant build,Proposed KEEP,,312,53
Vermin Lord 5e,Proposed KEEP,,0,53
Vermin Lord build,Proposed KEEP,,0,53
Wandsmith 5e,Proposed KEEP,,0,53
Wandsmith build,Proposed KEEP,,0,53
War Domain 5e,Proposed KEEP,,450,53
War Domain build,Proposed KEEP,,1062,53
War Mage 5e,Proposed KEEP,,506,53
War Mage build,Proposed KEEP,,190,53
War Magic 5e,Proposed KEEP,,269,53
War Magic build,Proposed KEEP,,904,53
Warden 2024,Proposed KEEP,,365,53
Warden 5e,Proposed KEEP,,27,53
Warden Druid,Proposed KEEP,,1025,53
Warden build,Proposed KEEP,,55,53
Warlock 2024,Proposed KEEP,,1464,53
Warlock 5e,Proposed KEEP,,3568,53
Warlock Patron: The Predator 5e,Proposed KEEP,,35,53
Warlock Patron: The Predator build,Proposed KEEP,,0,53
Warlock build,Proposed KEEP,,3286,53
Warlock: Great Fool Patron 5e,Proposed KEEP,,0,53
Warlock: Great Fool Patron build,Proposed KEEP,,0,53
Warlock: Horned King Patron 5e,Proposed KEEP,,0,53
Warlock: Horned King Patron build,Proposed KEEP,,100,53
Warlock: The Lantern 5e,Proposed KEEP,,100,53
Warlock: The Lantern build,Proposed KEEP,,0,53
Warlock: The Many 5e,Proposed KEEP,,36,53
Warlock: The Many build,Proposed KEEP,,10,53
Warlord 2024,Proposed KEEP,,825,53
Warlord 5e,Proposed KEEP,,87,53
Warlord build,Proposed KEEP,,31,53
Warmage 2024,Proposed KEEP,,2,53
Warmage 5e,Proposed KEEP,,3,53
Warmage build,Proposed KEEP,,0,53
Warrior of Cosmic Balance 5e,Proposed KEEP,,0,53
Warrior of Cosmic Balance build,Proposed KEEP,,0,53
Warrior of Mercy 5e,Proposed KEEP,,7,53
Warrior of Mercy build,Proposed KEEP,,61,53
Warrior of Shadow 5e,Proposed KEEP,,111,53
Warrior of Shadow build,Proposed KEEP,,10,53
Warrior of the Elements 5e,Proposed KEEP,,3,53
Warrior of the Elements build,Proposed KEEP,,0,53
Warrior of the Open Hand 5e,Proposed KEEP,,0,53
Warrior of the Open Hand build,Proposed KEEP,,0,53
Warsmith 5e,Proposed KEEP,,100,53
Warsmith build,Proposed KEEP,,0,53
Watchers Paladin,Proposed KEEP,,124,53
Water 5e,Proposed DROP,Too broad: generic English/D&D word 'Water',369,53
Water build,Proposed DROP,Too broad: generic English/D&D word 'Water',3007,53
Way of Mercy 5e,Proposed KEEP,,59,53
Way of Mercy build,Proposed KEEP,,9,53
Way of Pride 5e,Proposed KEEP,,0,53
Way of Pride build,Proposed KEEP,,208,53
Way of Tranquility 5e,Proposed KEEP,,0,53
Way of Tranquility build,Proposed KEEP,,36,53
Way of the Ascendant Dragon 5e,Proposed KEEP,,17,53
Way of the Ascendant Dragon build,Proposed KEEP,,0,53
Way of the Astral Self 5e,Proposed KEEP,,17,53
Way of the Astral Self build,Proposed KEEP,,86,53
Way of the Balanced Mind 5e,Proposed KEEP,,0,53
Way of the Balanced Mind build,Proposed KEEP,,100,53
Way of the Crystal Palm 5e,Proposed KEEP,,0,53
Way of the Crystal Palm build,Proposed KEEP,,0,53
Way of the Drunken Master 5e,Proposed KEEP,,23,53
Way of the Drunken Master build,Proposed KEEP,,32,53
Way of the Kensei 5e,Proposed KEEP,,100,53
Way of the Kensei build,Proposed KEEP,,0,53
Way of the Leaden Crown 5e,Proposed KEEP,,0,53
Way of the Leaden Crown build,Proposed KEEP,,0,53
Way of the Living Weapon 5e,Proposed KEEP,,100,53
Way of the Living Weapon build,Proposed KEEP,,0,53
Way of the Long Death 5e,Proposed KEEP,,2,53
Way of the Long Death build,Proposed KEEP,,32,53
Way of the Prophet (Monk) 5e,Proposed KEEP,,0,53
Way of the Prophet (Monk) build,Proposed KEEP,,89,53
Way of the Raven 5e,Proposed KEEP,,88,53
Way of the Raven build,Proposed KEEP,,83,53
Way of the Soul Knife 5e,Proposed KEEP,,0,53
Way of the Soul Knife build,Proposed KEEP,,0,53
Way of the Sun Soul 5e,Proposed KEEP,,0,53
Way of the Sun Soul build,Proposed KEEP,,1,53
Way of the Veiled Fist 5e,Proposed KEEP,,0,53
Way of the Veiled Fist build,Proposed KEEP,,0,53
Way of the Verdant Path 5e,Proposed KEEP,,0,53
Way of the Verdant Path build,Proposed KEEP,,105,53
Whispers Bard,Proposed KEEP,,2771,53
Whistles Bard,Proposed KEEP,,79,53
White Craft 5e,Proposed KEEP,,0,53
White Craft build,Proposed KEEP,,107,53
White Hat 5e,Proposed KEEP,,0,53
White Hat build,Proposed KEEP,,730,53
Wicker Druid,Proposed KEEP,,29,53
Wild Card 5e,Proposed KEEP,,175,53
Wild Card build,Proposed KEEP,,501,53
Wild Magic Sorcery 5e,Proposed KEEP,,0,53
Wild Magic Sorcery build,Proposed KEEP,,3,53
Wildfire Druid,Proposed KEEP,,3039,53
Winter Walker 5e,Proposed KEEP,,113,53
Winter Walker build,Proposed KEEP,,109,53
Witch 2024,Proposed KEEP,,1464,53
Witch 5e,Proposed KEEP,,129,53
Witch Doctor 5e,Proposed KEEP,,5,53
Witch Doctor build,Proposed KEEP,,1768,53
Witch build,Proposed KEEP,,1056,53
Witcher 2024,Proposed KEEP,,1267,53
Witcher 5e,Proposed KEEP,,21,53
Witcher build,Proposed KEEP,,617,53
Wizard 2024,Proposed KEEP,,1131,53
Wizard 5e,Proposed KEEP,,1170,53
Wizard build,Proposed KEEP,,668,53
Wizard: Leyline Magic 5e,Proposed KEEP,,0,53
Wizard: Leyline Magic build,Proposed KEEP,,35,53
Wizard: Occultist 5e,Proposed KEEP,,66,53
Wizard: Occultist build,Proposed KEEP,,64,53
Wizard: Origami Mage 5e,Proposed KEEP,,100,53
Wizard: Origami Mage build,Proposed KEEP,,98,53
Wizard: Philosopher 5e,Proposed KEEP,,0,53
Wizard: Philosopher build,Proposed KEEP,,0,53
Wizard: School of Biomancy 5e,Proposed KEEP,,0,53
Wizard: School of Biomancy build,Proposed KEEP,,0,53
Wizard: Wand Lore 5e,Proposed KEEP,,0,53
Wizard: Wand Lore build,Proposed KEEP,,100,53
Woad Druid,Proposed KEEP,,0,53
Wretched Bloodline 5e,Proposed KEEP,,0,53
Wretched Bloodline build,Proposed KEEP,,0,53
Wu Jen 5e,Proposed KEEP,,6,53
Wu Jen build,Proposed KEEP,,0,53
Zeal Paladin,Proposed KEEP,,382,53
the Dirge Singer Bard,Proposed KEEP,,0,53
the Moon Bard,Proposed KEEP,,52,53
the Ocean Bard,Proposed KEEP,,15,53
