f0_,category
1346574,
7159,Convention
4824,Actual Play
4664,Youtube
4645,Monster
2291,Location
2230,Influencer
2141,Villain
1589,Deity
1537,Cartographer
787,NPC
728,Race
595,Spell
356,MagicItem
353,Subclass
330,Species
283,Faction
160,Class
159,Build
159,Event
159,Accessory
151,Slang
150,Settings & Worlds
150,TTRPG System
106,Art
67,Competitor
63,NPC Class
35,Background
30,Item
15,Feat
9,UA Content
7,Religion
6,Spells & Effects
5,Mechanic
4,Vehicle
4,Kickstarter
2,Unearthed Arcana
2,History
1,Organization
1,Character Attribute
1,Game Mechanic
1,Party Role
1,General Game Terms
1,Concept
1,Edition
