search_term,total_interest,weeks,first_fetched,Reason
Bard: College of Whistles 5e,0,53,2025-12-18 18:24:24,
Bard: College of Whistles build,0,53,2025-12-18 18:24:24,
Battle Master 5e,591,53,2025-12-19 07:21:21,
Battle Master build,2120,53,2025-12-19 07:21:40,
Battle Smith 5e,789,53,2025-12-19 06:57:05,
Battle Smith build,0,53,2025-12-18 07:15:23,
Beast Master 5e,172,53,2025-12-19 07:19:56,
Beast Master build,449,53,2025-12-19 07:19:56,
Beastheart 2024,0,53,2025-12-18 05:34:14,
Beastheart 5e,20,53,2025-12-18 05:34:14,
Beastheart build,1,53,2025-12-18 05:34:14,
Beauty Domain 5e,0,53,2025-12-19 06:51:39,
Beauty Domain build,83,53,2025-12-19 06:51:39,
Bibliomancy 5e,0,53,2025-12-18 07:01:53,
Bibliomancy build,0,53,2025-12-18 07:02:25,
Black Craft 5e,0,53,2025-12-19 07:48:34,
Black Craft build,490,53,2025-12-19 07:48:34,
Blacksmith 5e,464,53,2025-12-19 06:54:34,
Blacksmith build,271,53,2025-12-18 07:01:18,
Blade Dancer 5e,1,53,2025-12-19 06:55:43,
Blade Dancer build,1108,53,2025-12-19 06:56:00,
Bladesinger 5e,902,53,2025-12-19 10:48:36,
Bladesinger build,911,53,2025-12-19 10:48:36,
Bladesinging 5e,5,53,2025-12-18 18:19:59,
Bladesinging build,179,53,2025-12-18 18:19:59,
Blight Druid,433,53,2025-12-19 10:17:54,
Blighted Druid,3,53,2025-12-19 09:03:26,
Blood Domain 5e,19,53,2025-12-19 09:03:51,
Blood Domain build,454,53,2025-12-19 09:03:51,
Blood Druid,2965,53,2025-12-19 08:55:17,
Blood Hunter 2024,42,53,2025-12-19 05:53:59,
Blood Hunter 5e,3913,53,2025-12-18 05:34:14,
Blood Hunter build,5,53,2025-12-19 05:53:59,
Blood Magic 5e,974,53,2025-12-19 07:32:59,
Blood Magic build,1035,53,2025-12-19 07:32:59,
Bloodforged 5e,0,53,2025-12-19 08:51:19,
Bloodforged build,0,53,2025-12-19 08:51:19,
Bloodied but Unbowed 5e,98,53,2025-12-19 07:25:36,
Bloodied but Unbowed build,0,53,2025-12-19 07:26:01,
Bomber 5e,1,53,2025-12-19 08:50:20,
Bomber build,1513,53,2025-12-19 08:50:20,
Brute 5e,121,53,2025-12-19 07:43:41,
Brute build,2188,53,2025-12-19 07:43:41,
Bulwark Warrior 5e,75,53,2025-12-19 07:03:21,
Bulwark Warrior build,68,53,2025-12-19 07:03:21,
Call of the Wild 5e,0,53,2025-12-19 06:51:16,
Call of the Wild build,316,53,2025-12-19 06:51:39,
Cannoneer 5e,0,53,2025-12-18 06:55:56,
Cannoneer build,0,53,2025-12-18 06:55:56,
Captain 2024,1911,53,2025-12-19 05:53:59,
Captain 5e,52,53,2025-12-19 05:53:59,
Captain build,200,53,2025-12-19 05:53:59,
Carver Guild 5e,0,53,2025-12-19 07:01:38,
Carver Guild build,100,53,2025-12-19 07:01:38,
Castigation Paladin,100,53,2025-12-18 18:23:53,
Cavalier 5e,240,53,2025-12-19 09:05:08,
Cavalier build,122,53,2025-12-19 09:05:08,
Celebrity 5e,18,53,2025-12-19 07:31:35,
Celebrity build,1801,53,2025-12-19 09:03:26,
Celestial Patron 5e,2,53,2025-12-19 07:23:36,
Celestial Patron build,0,53,2025-12-19 07:23:36,
Champion 2024,1514,53,2025-12-19 06:47:36,
Champion 5e,1,53,2025-12-19 06:47:36,
Champion build,99,53,2025-12-19 06:47:36,
Chieftain 5e,166,53,2025-12-19 07:46:48,
Chieftain build,1178,53,2025-12-19 07:46:48,
Chronomancer 2024,64,53,2025-12-19 05:54:20,
Chronomancer 5e,15,53,2025-12-19 05:54:20,
Chronomancer build,1036,53,2025-12-19 05:54:20,
Chronurgy Magic 5e,0,53,2025-12-19 08:52:24,
Chronurgy Magic build,0,53,2025-12-19 08:52:24,
Circle of Ash 5e,0,53,2025-12-19 06:50:19,
Circle of Ash build,0,53,2025-12-19 06:50:19,
Circle of Blight 5e,0,53,2025-12-19 10:17:54,
Circle of Blight build,0,53,2025-12-19 10:17:54,
Circle of Blood 5e,3,53,2025-12-19 08:55:17,
Circle of Blood build,40,53,2025-12-19 08:55:17,
Circle of Dragons Druid 5e,3,53,2025-12-18 18:27:05,
Circle of Dragons Druid build,0,53,2025-12-18 18:27:05,
Circle of Dreams 5e,78,53,2025-12-18 18:37:09,
Circle of Dreams build,59,53,2025-12-18 18:37:09,
Circle of Mutation 5e,0,53,2025-12-19 08:54:57,
Circle of Mutation build,100,53,2025-12-19 08:54:57,
Circle of Ruin 5e,0,53,2025-12-18 06:57:02,
Circle of Ruin build,0,53,2025-12-18 06:57:34,
Circle of Shadows (Druid) 5e,0,53,2025-12-19 06:53:51,
Circle of Shadows (Druid) build,0,53,2025-12-19 06:53:51,
Circle of Solar Spirits 5e,83,53,2025-12-19 07:29:21,
Circle of Solar Spirits build,0,53,2025-12-19 10:52:13,
Circle of Spores 5e,1075,53,2025-12-19 07:05:27,
Circle of Spores Expanded 5e,100,53,2025-12-19 10:52:13,
Circle of Spores Expanded build,0,53,2025-12-19 10:52:34,
Circle of Spores build,56,53,2025-12-19 07:05:27,
Circle of Stars 5e,1579,53,2025-12-19 07:41:38,
Circle of Stars build,842,53,2025-12-19 09:08:40,
Circle of Twilight 5e,85,53,2025-12-18 18:36:38,
Circle of Twilight build,0,53,2025-12-18 18:36:38,
Circle of Wildfire 5e,14,53,2025-12-18 18:20:35,
Circle of Wildfire build,30,53,2025-12-18 18:20:35,
Circle of the Blighted 5e,0,53,2025-12-19 09:03:26,
Circle of the Blighted build,11,53,2025-12-19 09:03:26,
Circle of the Familiar 5e,0,53,2025-12-19 07:07:25,
Circle of the Familiar build,9,53,2025-12-19 08:55:42,
Circle of the Forged 5e,73,53,2025-12-19 08:53:12,
Circle of the Forged build,0,53,2025-12-19 06:58:31,
Circle of the Glass 5e,0,53,2025-12-18 06:57:34,
Circle of the Glass build,0,53,2025-12-18 06:57:34,
Circle of the Land 5e,0,53,2025-12-19 07:18:22,
Circle of the Land build,0,53,2025-12-19 07:18:22,
Circle of the Moon 5e,2849,53,2025-12-19 09:01:04,
Circle of the Moon build,447,53,2025-12-19 09:01:04,
Circle of the Myconid 5e,0,53,2025-12-19 07:11:27,
Circle of the Myconid build,0,53,2025-12-19 07:11:27,
Circle of the Primeval 5e,0,53,2025-12-19 09:05:52,
Circle of the Primeval build,0,53,2025-12-19 09:05:52,
Circle of the Sea 5e,2,53,2025-12-19 10:51:27,
Circle of the Sea build,2,53,2025-12-19 10:51:27,
Circle of the Seasons 5e,0,53,2025-12-19 06:50:54,
Circle of the Seasons build,0,53,2025-12-19 06:50:54,
Circle of the Shepherd 5e,26,53,2025-12-18 18:37:09,
Circle of the Shepherd build,0,53,2025-12-18 18:37:09,
Circle of the Stars 5e,10,53,2025-12-19 10:23:07,
Circle of the Stars build,23,53,2025-12-19 10:23:07,
Circle of the Woad 5e,0,53,2025-12-19 07:49:01,
Circle of the Woad build,0,53,2025-12-19 10:27:10,
Cleric 2024,945,53,2025-12-19 05:56:01,
Cleric 5e,4240,53,2025-12-19 05:56:01,
Cleric build,2169,53,2025-12-19 05:56:01,
Cleric: Festus Domain 5e,0,53,2025-12-18 18:28:39,
Cleric: Festus Domain build,0,53,2025-12-18 18:28:39,
Cleric: Harvest Domain 5e,0,53,2025-12-18 18:22:15,
Cleric: Harvest Domain build,0,53,2025-12-18 18:22:15,
Clockwork Sorcery 5e,4,53,2025-12-19 10:22:20,
Clockwork Sorcery build,0,53,2025-12-19 07:19:37,
Clockwork Soul 5e,553,53,2025-12-19 07:41:17,
Clockwork Soul build,6,53,2025-12-19 07:41:17,
College of Adventurers 5e,0,53,2025-12-19 07:04:40,
College of Adventurers build,0,53,2025-12-19 07:04:40,
College of Arcana 5e,0,53,2025-12-18 06:58:08,
College of Arcana build,0,53,2025-12-18 06:58:08,
College of Creation 5e,13,53,2025-12-18 18:19:25,
College of Creation build,10,53,2025-12-18 18:19:25,
College of Dance 5e,204,53,2025-12-19 08:52:07,
College of Dance build,8,53,2025-12-19 06:55:43,
College of Eloquence 5e,161,53,2025-12-19 07:11:47,
College of Eloquence build,0,53,2025-12-19 07:11:47,
College of Glamour 5e,38,53,2025-12-19 07:21:21,
College of Glamour build,42,53,2025-12-19 07:21:21,
College of Lore 5e,96,53,2025-12-19 07:17:36,
College of Lore build,55,53,2025-12-19 07:17:36,
College of Requiem 5e,0,53,2025-12-18 06:58:08,
College of Requiem build,0,53,2025-12-18 06:58:08,
College of Requiems 5e,0,53,2025-12-19 07:05:27,
College of Requiems build,0,53,2025-12-19 07:05:27,
College of Satire 5e,71,53,2025-12-19 07:36:05,
College of Satire build,73,53,2025-12-19 07:36:05,
College of Shadow (Bard) 5e,22,53,2025-12-19 06:53:29,
College of Shadow (Bard) build,50,53,2025-12-19 06:53:29,
College of Spirits 5e,24,53,2025-12-19 07:41:38,
College of Spirits build,46,53,2025-12-19 07:41:38,
College of Swarms 5e,0,53,2025-12-19 11:22:58,
College of Swarms build,0,53,2025-12-19 11:22:58,
College of Swords 5e,308,53,2025-12-19 07:36:05,
College of Swords build,187,53,2025-12-19 07:36:25,
College of Valor 5e,36,53,2025-12-19 09:01:23,
College of Valor build,66,53,2025-12-19 09:01:23,
College of Whispers 5e,84,53,2025-12-18 18:35:31,
College of Whispers build,0,53,2025-12-18 18:35:31,
College of the Dirge Singer 5e,0,53,2025-12-19 06:58:31,
College of the Dirge Singer build,0,53,2025-12-19 06:58:31,
College of the Moon 5e,1,53,2025-12-19 10:48:36,
College of the Moon build,5,53,2025-12-19 10:48:36,
College of the Ocean 5e,0,53,2025-12-19 06:54:34,
College of the Ocean build,76,53,2025-12-19 06:54:34,
Commandant 5e,11,53,2025-12-19 09:10:36,
Commandant build,12,53,2025-12-19 09:10:36,
Condemned 5e,0,53,2025-12-19 07:11:07,
Condemned build,188,53,2025-12-19 07:11:07,
Conjurer 5e,10,53,2025-12-18 18:32:00,
Conjurer build,1701,53,2025-12-18 18:32:00,
Conquest Paladin,2705,53,2025-12-19 10:25:16,
Consulting Detective 5e,100,53,2025-12-19 08:56:56,
Consulting Detective build,0,53,2025-12-19 08:56:56,
Corsair 5e,7,53,2025-12-18 06:56:30,
Corsair build,2744,53,2025-12-18 06:56:30,
Court Dancer 5e,0,53,2025-12-19 06:55:43,
Court Dancer build,0,53,2025-12-19 06:55:43,
Craftsman 2024,1592,53,2025-12-19 05:54:46,
Craftsman 5e,0,53,2025-12-19 05:54:46,
Craftsman build,310,53,2025-12-19 05:54:46,
Creation Bard,1010,53,2025-12-18 18:19:25,
Crown Paladin,1230,53,2025-12-19 07:31:13,
Crystal Palm Monk,100,53,2025-12-19 10:26:31,
Curse Binder 5e,0,53,2025-12-19 07:28:22,
Curse Binder build,0,53,2025-12-19 07:28:22,
DaggerMaster 5e,0,53,2025-12-19 08:52:07,
DaggerMaster build,0,53,2025-12-19 08:52:07,
Dance Bard,2627,53,2025-12-19 06:55:43,
Dancer 2024,1267,53,2025-12-18 05:41:11,
Dancer 5e,14,53,2025-12-19 05:54:46,
Dancer build,186,53,2025-12-18 05:41:11,
Dark Dancer 5e,0,53,2025-12-19 06:56:00,
Dark Dancer build,48,53,2025-12-19 06:56:00,
Deadeye 5e,0,53,2025-12-19 07:06:15,
Deadeye build,930,53,2025-12-19 07:06:15,
Death Domain 5e,263,53,2025-12-19 06:56:44,
Death Domain build,764,53,2025-12-19 06:56:44,
Death Knight 5e,1437,53,2025-12-19 07:12:11,
Death Knight build,3503,53,2025-12-19 07:12:11,
Deific Domain 5e,0,53,2025-12-19 06:56:20,
Deific Domain build,0,53,2025-12-19 06:56:20,
Detective 5e,256,53,2025-12-19 07:27:36,
Detective build,983,53,2025-12-19 07:28:05,
Devotion Paladin,3633,53,2025-12-19 10:22:44,
Devourer Guild 5e,0,53,2025-12-19 07:01:16,
Devourer Guild build,4,53,2025-12-19 07:01:16,
Divine Soul 5e,1057,53,2025-12-19 07:49:39,
Divine Soul build,135,53,2025-12-19 07:49:39,
Doomed 5e,0,53,2025-12-19 06:48:58,
Doomed build,2,53,2025-12-19 06:48:58,
Draconic Sorcery 5e,0,53,2025-12-19 07:22:44,
Draconic Sorcery build,0,53,2025-12-19 07:22:44,
Dragons Druid,3164,53,2025-12-18 18:28:06,
Dragons Druid Druid,2895,53,2025-12-18 18:27:05,
Drakewarden 5e,2694,53,2025-12-19 06:58:52,
Drakewarden build,61,53,2025-12-19 06:58:52,
Dread Captain 5e,100,53,2025-12-18 06:55:56,
Dread Captain build,6,53,2025-12-18 06:56:30,
Dreams Druid,1905,53,2025-12-18 18:37:09,
Druid 2024,1264,53,2025-12-19 06:44:48,
Druid 5e,3398,53,2025-12-19 06:44:48,
Druid build,1131,53,2025-12-19 05:57:42,
Druid: Circle of Dragons 5e,13,53,2025-12-18 18:27:36,
Druid: Circle of Dragons build,0,53,2025-12-18 18:28:06,
Druid: Circle of Wicker 5e,0,53,2025-12-18 18:22:50,
Druid: Circle of Wicker build,0,53,2025-12-18 18:22:50,
Druid: Circle of the Hive 5e,72,53,2025-12-19 07:06:37,
Druid: Circle of the Hive build,0,53,2025-12-19 07:06:37,
Druid: Circle of the Old Ways 5e,7,53,2025-12-18 18:24:59,
Druid: Circle of the Old Ways build,0,53,2025-12-18 18:24:59,
Druid: Circle of the Petal 5e,0,53,2025-12-19 07:13:32,
Druid: Circle of the Petal build,0,53,2025-12-19 07:13:32,
Druid: Circle of the Warden 5e,0,53,2025-12-19 07:08:09,
Druid: Circle of the Warden build,0,53,2025-12-19 07:08:09,
Drunken Master Monk,807,53,2025-12-19 10:24:19,
Dungeon Singer 5e,0,53,2025-12-19 06:57:05,
Dungeon Singer build,60,53,2025-12-19 06:57:05,
Dungeon Tenebrous 5e,45,53,2025-12-19 06:56:00,
Dungeon Tenebrous build,0,53,2025-12-19 06:56:00,
Duskblade 5e,0,53,2025-12-18 08:24:34,
Duskblade build,4,53,2025-12-19 07:10:48,
Earth 5e,134,53,2025-12-19 06:57:22,
Earth build,3072,53,2025-12-19 08:52:24,
Echo Knight 5e,294,53,2025-12-19 08:52:24,
Echo Knight Variant 5e,0,53,2025-12-18 07:15:23,
Echo Knight Variant build,0,53,2025-12-18 07:15:23,
Echo Knight build,13,53,2025-12-19 08:52:24,
Effigy Master 5e,0,53,2025-12-19 10:26:52,
Effigy Master build,0,53,2025-12-19 07:48:34,
Eldritch Domain 5e,100,53,2025-12-19 07:04:40,
Eldritch Domain build,0,53,2025-12-19 07:04:40,
Eldritch Knight 5e,3404,53,2025-12-19 07:10:48,
Eldritch Knight build,3246,53,2025-12-19 07:10:48,
Elementalist 2024,130,53,2025-12-18 05:41:48,
Elementalist 5e,2,53,2025-12-18 05:41:48,
Elementalist build,2406,53,2025-12-18 05:41:48,
Eloquence Bard,2723,53,2025-12-19 07:11:47,
Empath 5e,0,53,2025-12-19 07:24:51,
Empath build,50,53,2025-12-19 07:24:51,
Enchanter 5e,13,53,2025-12-18 18:32:00,
Enchanter build,1269,53,2025-12-18 18:32:00,
Engineer 5e,51,53,2025-12-18 07:01:18,
Engineer build,2455,53,2025-12-18 07:01:18,
Exalted Assembly of the Feline Court 5e,100,53,2025-12-19 06:54:58,
Exalted Assembly of the Feline Court build,0,53,2025-12-19 06:54:58,
Familiar Druid,1239,53,2025-12-19 08:55:42,
Fathomless Patron 5e,0,53,2025-12-18 18:21:08,
Fathomless Patron build,0,53,2025-12-18 18:21:42,
Fey Wanderer 5e,263,53,2025-12-19 07:17:10,
Fey Wanderer build,84,53,2025-12-19 07:17:10,
Fiend Patron 5e,10,53,2025-12-19 10:22:44,
Fiend Patron build,0,53,2025-12-19 07:21:21,
Fighter 2024,1851,53,2025-12-19 05:57:42,
Fighter 5e,818,53,2025-12-19 05:57:42,
Fighter build,682,53,2025-12-19 05:57:42,
Fighter: Barrow Guard 5e,100,53,2025-12-18 18:22:50,
Fighter: Barrow Guard build,0,53,2025-12-18 18:22:50,
Fighter: Steel Hawk 5e,0,53,2025-12-18 18:26:35,
Fighter: Steel Hawk build,0,53,2025-12-18 18:26:35,
Fighter: The Spirit-Fused 5e,0,53,2025-12-19 07:12:57,
Fighter: The Spirit-Fused build,0,53,2025-12-19 07:12:57,
Fire 5e,468,53,2025-12-19 06:57:22,
Fire build,1936,53,2025-12-19 06:57:22,
Fleshwarping 5e,0,53,2025-12-19 06:59:14,
Fleshwarping build,0,53,2025-12-19 06:59:14,
Fleshweaving Bard,0,53,2025-12-19 07:07:04,
Forensic Thaumaturge 5e,0,53,2025-12-19 08:56:56,
Forensic Thaumaturge build,0,53,2025-12-19 08:56:56,
Forge Adept 5e,0,53,2025-12-19 10:47:55,
Forge Adept build,0,53,2025-12-19 08:53:12,
Forge Domain 5e,185,53,2025-12-18 18:36:05,
Forge Domain build,105,53,2025-12-18 18:36:05,
Forged Druid,109,53,2025-12-19 06:58:31,
Gadgetsmith 5e,0,53,2025-12-19 08:56:30,
Gadgetsmith build,90,53,2025-12-19 08:56:30,
Genie Patron 5e,72,53,2025-12-19 07:32:59,
Genie Patron build,0,53,2025-12-19 07:32:59,
Glamour Bard,1054,53,2025-12-19 07:21:21,
Glass Druid,551,53,2025-12-18 06:57:34,
Glasswright 5e,0,53,2025-12-19 08:54:34,
Glasswright build,0,53,2025-12-19 07:01:16,
Gloom Stalker 5e,2265,53,2025-12-19 07:22:44,
Gloom Stalker build,1225,53,2025-12-19 07:22:44,
Glory Paladin,1900,53,2025-12-19 07:11:47,
Golemsmith 5e,0,53,2025-12-19 07:09:30,
Golemsmith build,0,53,2025-12-19 08:56:56,
Grave Domain 5e,765,53,2025-12-18 18:36:38,
Grave Domain build,11,53,2025-12-18 18:36:38,
Graveshroud 5e,0,53,2025-12-19 08:55:42,
Graveshroud build,0,53,2025-12-19 08:55:42,
Graviturgy Magic 5e,100,53,2025-12-19 10:47:55,
Graviturgy Magic build,0,53,2025-12-19 10:47:55,
Great Old One Patron 5e,1,53,2025-12-19 07:19:56,
Great Old One Patron build,0,53,2025-12-19 07:19:56,
Green Craft 5e,81,53,2025-12-19 07:49:01,
Green Craft build,100,53,2025-12-19 07:49:01,
Green Reaper 5e,0,53,2025-12-19 08:55:17,
Green Reaper build,0,53,2025-12-19 08:55:17,
Guardian 5e,836,53,2025-12-19 07:38:37,
Guardian Paladin,1857,53,2025-12-18 07:02:25,
Guardian build,2993,53,2025-12-19 07:38:37,
Guild Master 5e,17,53,2025-12-19 07:11:07,
Guild Master build,154,53,2025-12-19 07:11:27,
Gunslinger 2024,942,53,2025-12-18 05:42:53,
Gunslinger 5e,53,53,2025-12-18 05:42:20,
Gunslinger build,3648,53,2025-12-18 05:42:53,
Gunsmith 5e,3,53,2025-12-18 18:34:25,
Gunsmith build,1511,53,2025-12-18 18:34:25,
Harvest Paladin,176,53,2025-12-19 07:07:25,
Haunted 5e,730,53,2025-12-19 07:03:57,
Haunted build,1589,53,2025-12-19 07:03:57,
Hedge Mage 5e,0,53,2025-12-19 07:14:44,
Hedge Mage build,6,53,2025-12-19 07:14:44,
Hellspeaker 5e,0,53,2025-12-18 18:30:55,
Hellspeaker build,100,53,2025-12-18 18:30:55,
Heroism Paladin,124,53,2025-12-18 18:35:31,
Hexblade 5e,699,53,2025-12-19 07:44:16,
Hexblade Patron 5e,9,53,2025-12-18 18:32:33,
Hexblade Patron build,0,53,2025-12-18 18:32:33,
Hexblade build,1034,53,2025-12-19 07:44:16,
Hexsinger 5e,0,53,2025-12-19 06:50:19,
Hexsinger build,0,53,2025-12-19 06:50:19,
High Roller 5e,7,53,2025-12-18 18:29:14,
High Roller build,864,53,2025-12-18 18:29:48,
Highway Rider 5e,5,53,2025-12-19 07:01:38,
Highway Rider build,0,53,2025-12-19 07:02:00,
Hive Druid,168,53,2025-12-19 07:06:37,
Horizon Walker 5e,170,53,2025-12-19 07:49:39,
Horizon Walker build,129,53,2025-12-19 07:49:39,
House of Cards 5e,6,53,2025-12-19 07:47:25,
House of Cards build,1310,53,2025-12-19 07:47:25,
House of Dice 5e,0,53,2025-12-19 07:47:25,
House of Dice build,0,53,2025-12-19 07:47:25,
House of Knights 5e,0,53,2025-12-19 09:10:36,
House of Knights build,2,53,2025-12-19 07:47:25,
Hungering Dark Sorcerer 5e,0,53,2025-12-18 07:02:25,
Hungering Dark Sorcerer build,0,53,2025-12-19 06:54:58,
Hunter 5e,118,53,2025-12-19 07:18:22,
Hunter build,1075,53,2025-12-19 07:18:22,
Illrigger 2024,7,53,2025-12-18 05:42:53,
Illrigger 5e,1037,53,2025-12-18 05:42:53,
Illrigger build,3,53,2025-12-18 05:42:53,
Immortal 5e,9,53,2025-12-19 07:43:14,
Immortal build,3817,53,2025-12-19 07:43:14,
Infusionsmith 5e,97,53,2025-12-19 08:56:30,
Infusionsmith build,100,53,2025-12-19 08:56:30,
Inquisition Domain 5e,0,53,2025-12-19 07:03:21,
Inquisition Domain build,100,53,2025-12-19 07:03:21,
Inquisitive 5e,977,53,2025-12-19 10:24:43,
Inquisitive build,167,53,2025-12-19 10:24:43,
Inquisitor 5e,14,53,2025-12-19 10:49:01,
Inquisitor build,3114,53,2025-12-19 10:49:01,
Inventor 2024,1936,53,2025-12-18 05:43:26,
Inventor 5e,4,53,2025-12-18 05:43:26,
Inventor build,209,53,2025-12-18 05:43:26,
Investigator 2024,1300,53,2025-12-18 05:43:26,
Investigator 5e,3,53,2025-12-18 05:43:26,
Investigator build,102,53,2025-12-18 05:43:59,
Iron Chin 5e,0,53,2025-12-19 07:26:01,
Iron Chin build,0,53,2025-12-19 07:26:01,
Keeper Domain (Cleric) 5e,0,53,2025-12-19 10:47:39,
Keeper Domain (Cleric) build,0,53,2025-12-19 06:53:09,
Kensei Monk,3267,53,2025-12-19 09:06:54,
Knight 5e,1252,53,2025-12-19 09:05:27,
Knight build,3356,53,2025-12-19 09:05:27,
Knight-Chandler 5e,0,53,2025-12-19 07:10:06,
Knight-Chandler build,0,53,2025-12-19 07:10:06,
Knowledge Domain 5e,124,53,2025-12-19 10:48:15,
Knowledge Domain build,528,53,2025-12-19 10:48:15,
Kraken Patron 5e,0,53,2025-12-19 07:10:06,
Kraken Patron build,0,53,2025-12-19 07:10:06,
Land Druid,52,53,2025-12-19 07:18:22,
Leaden Crown Monk,0,53,2025-12-19 07:02:39,
Life Domain 5e,1214,53,2025-12-19 07:22:24,
Life Domain build,2652,53,2025-12-19 07:22:24,
Light Domain 5e,1046,53,2025-12-19 10:22:20,
Light Domain build,2024,53,2025-12-19 10:22:20,
Light Weaver Sorcerous Origin (Sorcerer) 5e,0,53,2025-12-19 06:53:29,
Light Weaver Sorcerous Origin (Sorcerer) build,0,53,2025-12-19 06:53:29,
Living Crucible 5e,0,53,2025-12-19 07:02:00,
Living Crucible build,0,53,2025-12-19 07:02:00,
Living Weapon Monk,13,53,2025-12-19 08:53:12,
Long Death Monk,129,53,2025-12-19 07:31:13,
Lore Bard,3907,53,2025-12-19 07:17:36,
Lore Mastery 5e,0,53,2025-12-19 07:44:16,
Lore Mastery build,2,53,2025-12-19 07:44:16,
Lunar Magic 5e,0,53,2025-12-19 10:24:43,
Lunar Magic build,74,53,2025-12-19 10:24:43,
Lunar Sorcery 5e,100,53,2025-12-19 06:56:20,
Lunar Sorcery build,0,53,2025-12-19 06:56:20,
Mage of Lorehold 5e,0,53,2025-12-19 07:37:26,
Mage of Lorehold build,0,53,2025-12-19 07:37:26,
Mage of Prismari 5e,0,1,2025-12-19 11:24:56,
Mage of Prismari build,0,1,2025-12-19 11:24:56,
Mage of Quandrix 5e,0,53,2025-12-19 07:37:26,
Mage of Quandrix build,0,53,2025-12-19 07:37:26,
Mage of Silverquill 5e,0,1,2025-12-19 11:24:56,
Mage of Silverquill build,0,1,2025-12-19 11:24:56,
Mage of Witherbloom 5e,0,53,2025-12-19 07:36:25,
Mage of Witherbloom build,0,1,2025-12-19 11:24:56,
Magus 2024,573,53,2025-12-18 05:43:59,
Magus 5e,2,53,2025-12-18 05:43:59,
Magus build,242,53,2025-12-18 05:43:59,
Marked 5e,0,53,2025-12-19 06:48:58,
Marked build,1345,53,2025-12-19 08:50:20,
Martyr 2024,55,53,2025-12-19 06:43:42,
Martyr 5e,0,53,2025-12-18 05:43:59,
Martyr build,3,53,2025-12-19 06:43:42,
Masks Bard,23,53,2025-12-19 07:14:19,
Mastermaker 5e,0,53,2025-12-19 10:47:55,
Mastermaker build,0,53,2025-12-19 10:47:55,
Mastermind 5e,500,53,2025-12-19 07:39:59,
Mastermind build,949,53,2025-12-19 07:39:59,
Maverick 5e,3,53,2025-12-19 07:05:49,
Maverick build,2983,53,2025-12-19 07:05:49,
Mercantile Bard,0,53,2025-12-18 18:26:35,
Merchant 2024,1184,53,2025-12-19 06:43:42,
Merchant 5e,2,53,2025-12-19 06:43:42,
Merchant build,103,53,2025-12-19 06:43:42,
Mercy Monk,2997,53,2025-12-19 07:40:50,
Messenger 2024,1804,53,2025-12-19 06:47:13,
Messenger 5e,8,53,2025-12-19 06:47:13,
Messenger build,136,53,2025-12-19 06:47:13,
Metamind 5e,66,53,2025-12-19 07:25:15,
Metamind build,0,53,2025-12-19 07:25:15,
Metamorph 5e,0,53,2025-12-19 07:45:06,
Metamorph build,76,53,2025-12-19 07:45:06,
Mind Domain 5e,3,53,2025-12-19 06:58:52,
Mind Domain build,4,53,2025-12-19 06:58:52,
Misfortune Bringer 5e,0,53,2025-12-19 07:02:19,
Misfortune Bringer build,0,53,2025-12-19 07:02:19,
Monk 2024,1979,53,2025-12-19 05:56:19,
Monk 5e,2167,53,2025-12-19 05:56:19,
Monk build,1351,53,2025-12-19 05:56:42,
Monk: Sheep Dragon Shepherd 5e,0,53,2025-12-19 07:13:15,
Monk: Sheep Dragon Shepherd build,0,53,2025-12-19 07:13:15,
Monk: Warrior of the Pestilent Haze 5e,0,53,2025-12-18 18:23:22,
Monk: Warrior of the Pestilent Haze build,100,53,2025-12-18 18:23:22,
Monk: Way of the Aether 5e,100,53,2025-12-18 18:28:39,
Monk: Way of the Aether build,0,53,2025-12-18 18:29:14,
Monster Hunter 2024,214,53,2025-12-18 05:42:20,
Monster Hunter 5e,11,53,2025-12-18 05:42:20,
Monster Hunter build,555,53,2025-12-18 05:42:20,
Monster Slayer 5e,5,53,2025-12-19 10:24:19,
Monster Slayer build,2,53,2025-12-19 10:24:19,
Moon Domain 5e,1,53,2025-12-19 09:03:26,
Moon Domain build,8,53,2025-12-19 09:03:51,
Moon Druid,4033,53,2025-12-19 07:23:36,
Mother of Sorrows (Warlock) 5e,0,53,2025-12-19 06:53:09,
Mother of Sorrows (Warlock) build,0,53,2025-12-19 06:53:09,
Moxie 5e,0,53,2025-12-19 07:25:36,
Moxie build,151,53,2025-12-19 07:25:36,
Muscle Wizard 5e,5,53,2025-12-19 09:09:54,
Muscle Wizard build,0,53,2025-12-19 09:09:54,
Mutagenist 5e,0,53,2025-12-19 06:49:35,
Mutagenist build,0,53,2025-12-19 06:49:35,
Mutation Druid,2,53,2025-12-19 07:03:57,
Myconid Druid,18,53,2025-12-19 07:11:27,
Mystic 2024,1780,53,2025-12-19 06:47:56,
Mystic 5e,0,53,2025-12-19 06:47:36,
Mystic build,637,53,2025-12-19 06:47:56,
Naturalist 5e,0,53,2025-12-19 07:27:36,
Naturalist build,127,53,2025-12-19 07:27:36,
Nature Domain 5e,129,53,2025-12-19 10:50:05,
Nature Domain build,108,53,2025-12-19 10:50:05,
Necromancer 2024,1487,53,2025-12-19 06:44:02,
Necromancer 5e,1561,53,2025-12-19 06:44:02,
Necromancer build,3137,53,2025-12-19 06:44:27,
Noble Genies Paladin,35,53,2025-12-19 10:48:15,
Nomad 5e,2,53,2025-12-19 07:42:46,
Nomad build,1106,53,2025-12-19 07:42:46,
Oath of Conquest 5e,663,53,2025-12-19 10:25:16,
Oath of Conquest build,7,53,2025-12-19 10:25:16,
Oath of Devotion 5e,409,53,2025-12-19 07:20:41,
Oath of Devotion build,39,53,2025-12-19 10:22:44,
Oath of Glory 5e,536,53,2025-12-19 07:11:27,
Oath of Glory build,38,53,2025-12-19 07:11:47,
Oath of Heroism 5e,0,53,2025-12-18 18:34:59,
Oath of Heroism build,0,53,2025-12-18 18:34:59,
Oath of Pestilence 5e,0,53,2025-12-19 07:02:39,
Oath of Pestilence build,100,53,2025-12-19 07:02:39,
Oath of Redemption 5e,120,53,2025-12-18 18:33:36,
Oath of Redemption build,3,53,2025-12-18 18:33:36,
Oath of Treachery 5e,38,53,2025-12-19 10:25:16,
Oath of Treachery build,28,53,2025-12-19 10:25:16,
Oath of Vengeance 5e,2537,53,2025-12-19 07:19:37,
Oath of Vengeance build,1836,53,2025-12-19 07:19:37,
Oath of Zeal 5e,16,53,2025-12-19 07:04:16,
Oath of Zeal build,0,53,2025-12-19 07:04:16,
Oath of the Ancients 5e,379,53,2025-12-19 09:00:15,
Oath of the Ancients build,47,53,2025-12-19 07:20:41,
Oath of the Crown 5e,570,53,2025-12-19 07:30:46,
Oath of the Crown build,159,53,2025-12-19 07:31:13,
Oath of the Guardian 5e,0,53,2025-12-18 07:02:25,
Oath of the Guardian build,0,53,2025-12-18 07:02:25,
Oath of the Noble Genies 5e,11,53,2025-12-19 08:53:29,
Oath of the Noble Genies build,100,53,2025-12-19 08:53:29,
Oath of the Rift 5e,4,53,2025-12-19 10:23:32,
Oath of the Rift build,0,53,2025-12-19 10:23:32,
Oath of the Watchers 5e,8,53,2025-12-18 18:18:16,
Oath of the Watchers build,0,53,2025-12-18 18:18:16,
Oathbreaker 5e,686,53,2025-12-19 06:56:44,
Oathbreaker build,1133,53,2025-12-19 06:56:44,
Occultist 2024,12,53,2025-12-19 06:44:27,
Occultist 5e,35,53,2025-12-19 06:44:27,
Occultist Guild 5e,0,53,2025-12-19 07:01:38,
Occultist Guild build,0,53,2025-12-19 07:01:38,
Occultist build,85,53,2025-12-19 06:44:27,
Old Ways Druid,107,53,2025-12-18 18:24:59,
Onomancy 5e,0,53,2025-12-18 18:35:31,
Onomancy build,0,53,2025-12-18 18:36:05,
Oracle 5e,59,53,2025-12-19 07:14:44,
Oracle build,1827,53,2025-12-19 07:14:44,
Order Domain 5e,38,53,2025-12-19 07:05:49,
Order Domain build,321,53,2025-12-19 07:05:49,
Order of Scribes 5e,766,53,2025-12-18 18:21:42,
Order of Scribes build,83,53,2025-12-18 18:21:42,
Order of Shadows 5e,3,53,2025-12-19 07:14:44,
Order of Shadows build,0,53,2025-12-19 07:15:03,
Order of the Blood Rose 5e,0,53,2025-12-19 07:12:30,
Order of the Blood Rose build,4,53,2025-12-19 07:12:30,
Order of the Ghostslayer 5e,0,53,2025-12-19 06:52:16,
Order of the Ghostslayer build,0,53,2025-12-19 06:52:16,
Order of the Haunted 5e,53,53,2025-12-19 07:15:03,
Order of the Haunted build,0,53,2025-12-19 07:15:03,
Order of the Lycan 5e,100,53,2025-12-19 06:52:16,
Order of the Lycan build,0,53,2025-12-19 06:52:16,
Order of the Mutant 5e,0,53,2025-12-19 10:17:54,
Order of the Mutant build,0,53,2025-12-19 10:17:54,
Order of the Profane Soul 5e,0,53,2025-12-19 06:52:16,
Order of the Profane Soul build,0,53,2025-12-19 08:51:19,
Order of the Quarry 5e,0,53,2025-12-19 08:51:19,
Order of the Quarry build,277,53,2025-12-19 08:51:19,
Order of the Twin Soul 5e,0,53,2025-12-19 07:07:25,
Order of the Twin Soul build,0,53,2025-12-19 07:07:25,
Outlaw 5e,0,53,2025-12-19 07:15:03,
Outlaw build,2515,53,2025-12-19 07:15:03,
Packleader 5e,0,53,2025-12-19 07:46:48,
Packleader build,0,53,2025-12-19 07:46:48,
Pact of the Cannon 5e,0,53,2025-12-18 06:55:56,
Pact of the Cannon build,0,53,2025-12-18 06:55:56,
Painkiller 5e,0,53,2025-12-19 07:08:28,
Painkiller build,168,53,2025-12-19 07:08:28,
Paladin 2024,361,53,2025-12-19 05:58:01,
Paladin 5e,1040,53,2025-12-19 05:57:42,
Paladin build,1011,53,2025-12-19 05:58:01,
Paladin of Dawn 5e,0,53,2025-12-19 07:12:30,
Paladin of Dawn build,0,53,2025-12-19 07:12:30,
Paladin: Oath of Castigation 5e,0,53,2025-12-18 18:23:53,
Paladin: Oath of Castigation build,0,53,2025-12-18 18:23:53,
Paladin: Oath of the Harvest 5e,94,53,2025-12-19 07:07:04,
Paladin: Oath of the Harvest build,0,53,2025-12-19 07:07:25,
Paladin: Oath of the River 5e,0,53,2025-12-19 07:12:57,
Paladin: Oath of the River build,0,53,2025-12-19 07:12:57,
Paladin: Oath of the Spelldrinker 5e,0,53,2025-12-18 18:28:06,
Paladin: Oath of the Spelldrinker build,46,53,2025-12-18 18:28:06,
Path of Wild Magic 5e,102,53,2025-12-19 07:32:59,
Path of Wild Magic build,0,53,2025-12-18 18:18:16,
Path of the Ancestral Guardian 5e,54,53,2025-12-18 18:34:25,
Path of the Ancestral Guardian build,0,53,2025-12-18 18:34:25,
Path of the Battlerager 5e,0,53,2025-12-19 07:30:46,
Path of the Battlerager build,47,53,2025-12-19 07:30:46,
Path of the Beast 5e,252,53,2025-12-18 18:18:52,
Path of the Beast build,12,53,2025-12-18 18:19:25,
Path of the Berserker 5e,13,53,2025-12-19 07:21:40,
Path of the Berserker build,0,53,2025-12-19 07:21:40,
Path of the Bloodrager 5e,77,53,2025-12-19 10:47:39,
Path of the Bloodrager build,0,53,2025-12-19 10:47:39,
Path of the Depths 5e,0,53,2025-12-19 07:10:28,
Path of the Depths build,0,53,2025-12-19 07:10:28,
Path of the Fractured 5e,0,53,2025-12-19 07:03:57,
Path of the Fractured build,0,53,2025-12-19 07:03:57,
Path of the Frostborn 5e,0,53,2025-12-19 08:54:34,
Path of the Frostborn build,100,53,2025-12-19 08:54:34,
Path of the Giant 5e,560,53,2025-12-19 06:51:39,
Path of the Giant build,358,53,2025-12-19 06:51:39,
Path of the Juggernaut 5e,5,53,2025-12-19 09:03:51,
Path of the Juggernaut build,0,53,2025-12-19 09:03:51,
Path of the Pale Rider 5e,0,53,2025-12-19 10:50:05,
Path of the Pale Rider build,0,53,2025-12-19 10:50:05,
Path of the Primal Spirit 5e,0,53,2025-12-19 07:03:21,
Path of the Primal Spirit build,0,53,2025-12-19 08:54:57,
Path of the Storm Herald 5e,5,53,2025-12-18 18:34:25,
Path of the Storm Herald build,100,53,2025-12-18 18:34:59,
Path of the Stormchaser 5e,0,53,2025-12-19 10:52:34,
Path of the Stormchaser build,0,53,2025-12-19 07:30:28,
Path of the Thunder King 5e,0,53,2025-12-18 18:30:55,
Path of the Thunder King build,0,53,2025-12-18 18:30:55,
Path of the Totem Warrior 5e,96,53,2025-12-19 07:17:10,
Path of the Totem Warrior build,0,53,2025-12-19 07:17:10,
Path of the Wild Heart 5e,100,53,2025-12-19 07:19:37,
Path of the Wild Heart build,0,53,2025-12-19 07:19:37,
Path of the Wild Soul 5e,0,53,2025-12-18 18:34:59,
Path of the Wild Soul build,80,53,2025-12-18 18:34:59,
Path of the Wildstrider 5e,0,53,2025-12-19 07:15:47,
Path of the Wildstrider build,0,53,2025-12-19 10:50:05,
Path of the World Tree 5e,9,53,2025-12-19 07:18:00,
Path of the World Tree build,5,53,2025-12-19 07:18:00,
Path of the Zealot 5e,5,53,2025-12-19 07:22:00,
Path of the Zealot build,0,53,2025-12-19 07:22:00,
Peace Domain 5e,303,53,2025-12-18 18:21:08,
Peace Domain build,8,53,2025-12-18 18:21:08,
Pestilence Paladin,165,53,2025-12-19 07:03:00,
Petal Druid,0,53,2025-12-19 07:13:32,
Phantom (Revived) 5e,0,53,2025-12-19 09:04:44,
Phantom (Revived) build,46,53,2025-12-19 09:04:44,
Phantom 5e,672,53,2025-12-18 18:18:16,
Phantom build,3043,53,2025-12-18 18:18:16,
Philosopher 5e,3,53,2025-12-19 07:27:09,
Philosopher build,1412,53,2025-12-19 07:27:09,
Phoenix 5e,1921,53,2025-12-19 07:39:59,
Phoenix build,2009,53,2025-12-19 07:40:26,
Physician 5e,2,53,2025-12-19 07:28:05,
Physician build,1562,53,2025-12-19 07:28:05,
Plague Doctor 5e,175,53,2025-12-19 06:49:35,
Plague Doctor build,29,53,2025-12-19 06:49:57,
Polymath 5e,0,53,2025-12-19 07:31:35,
Polymath build,2,53,2025-12-19 07:31:35,
Potionsmith 5e,0,53,2025-12-19 07:09:30,
Potionsmith build,0,53,2025-12-19 07:09:30,
Pride Monk,2001,53,2025-12-19 07:02:19,
Primal Companion 5e,2,53,2025-12-19 06:51:16,
Primal Companion build,0,53,2025-12-19 06:51:16,
Primal Wanderer 5e,0,53,2025-12-19 07:24:51,
Primal Wanderer build,36,53,2025-12-19 07:24:51,
Primeval 5e,51,53,2025-12-19 09:10:14,
Primeval Druid,14,53,2025-12-19 09:05:52,
Primeval Guardian 5e,0,53,2025-12-19 10:25:41,
Primeval Guardian build,0,53,2025-12-19 10:25:41,
Primeval build,13,53,2025-12-19 07:46:48,
Prophet (Monk) Monk,225,53,2025-12-19 06:54:14,
Protection Domain 5e,0,53,2025-12-18 18:36:05,
Protection Domain build,329,53,2025-12-18 18:36:05,
Psi Warper 5e,0,53,2025-12-19 10:26:06,
Psi Warper build,0,53,2025-12-19 10:26:06,
Psi Warrior 5e,649,53,2025-12-19 07:18:00,
Psi Warrior build,9,53,2025-12-19 07:18:00,
Psion 2024,132,53,2025-12-19 05:58:20,
Psion 5e,439,53,2025-12-19 05:58:20,
Psion build,2,53,2025-12-19 05:58:20,
Psionics (Psion) 2024,0,53,2025-12-19 06:47:56,
Psionics (Psion) 5e,0,53,2025-12-19 06:47:56,
Psionics (Psion) build,3,53,2025-12-19 06:47:56,
Psionics 5e,97,53,2025-12-19 09:04:44,
Psionics build,6,53,2025-12-19 09:04:44,
Psykinetic 5e,0,53,2025-12-19 10:26:06,
Psykinetic build,0,53,2025-12-19 09:09:54,
Pugilist 2024,2,53,2025-12-19 05:58:20,
Pugilist 5e,238,53,2025-12-19 05:58:20,
Pugilist build,206,53,2025-12-19 06:45:07,
Purple Dragon Knight (Banneret) 5e,0,53,2025-12-19 10:24:43,
Purple Dragon Knight (Banneret) build,100,53,2025-12-19 07:36:05,
Pyromancer 5e,6,53,2025-12-19 07:26:01,
Pyromancer build,3470,53,2025-12-19 07:26:01,
Ranger 2024,3408,53,2025-12-19 05:57:02,
Ranger 5e,690,53,2025-12-19 05:56:42,
Ranger build,1132,53,2025-12-19 05:57:02,
Ranger: Corrupted Ranger 5e,0,53,2025-12-19 07:13:15,
Ranger: Corrupted Ranger build,100,53,2025-12-19 07:13:15,
Ranger: Grim Harbinger 5e,0,53,2025-12-18 18:21:42,
Ranger: Grim Harbinger build,0,53,2025-12-18 18:21:42,
Ranger: Rocborne 5e,0,53,2025-12-18 18:28:39,
Ranger: Rocborne build,0,53,2025-12-18 18:28:39,
Raven Monk,126,53,2025-12-19 10:26:52,
Reanimator 5e,123,53,2025-12-19 06:49:35,
Reanimator build,50,53,2025-12-19 06:49:35,
Reaper 5e,191,53,2025-12-19 07:12:11,
Reaper build,1939,53,2025-12-19 07:12:30,
Red Craft 5e,0,53,2025-12-19 07:49:01,
Red Craft build,283,53,2025-12-19 07:49:01,
Redemption Paladin,2563,53,2025-12-18 18:33:36,
Relic Seeker 5e,0,53,2025-12-19 11:22:58,
Relic Seeker build,89,53,2025-12-19 11:22:58,
Renegade 5e,15,53,2025-12-19 07:10:28,
Renegade build,1166,53,2025-12-19 07:10:28,
Requiem Bard,170,53,2025-12-19 06:54:34,
Requiems Bard,0,53,2025-12-19 07:05:27,
Rift Paladin,116,53,2025-12-19 10:23:32,
Riftwalker 5e,0,53,2025-12-19 10:23:32,
Riftwalker build,4,53,2025-12-19 10:23:32,
River Paladin,674,53,2025-12-19 07:12:57,
Rogue 2024,2017,53,2025-12-19 05:56:42,
Rogue 5e,861,53,2025-12-19 05:56:42,
Rogue build,1533,53,2025-12-19 05:56:42,
Rogue: Grim Surgeon 5e,0,53,2025-12-18 18:27:36,
Rogue: Grim Surgeon build,0,53,2025-12-18 18:27:36,
Rogue: Sinner 5e,100,53,2025-12-18 18:22:15,
Rogue: Sinner build,0,53,2025-12-18 18:22:15,
Rogue: Waxwork Rogue 5e,0,53,2025-12-19 08:57:16,
Rogue: Waxwork Rogue build,0,53,2025-12-19 08:57:16,
Ruffian 5e,100,53,2025-12-19 07:26:46,
Ruffian build,57,53,2025-12-19 07:26:46,
Ruin Druid,17,53,2025-12-18 06:57:34,
Rune Knight 5e,1364,53,2025-12-18 18:19:59,
Rune Knight build,623,53,2025-12-18 18:19:59,
Rune Sage 5e,0,53,2025-12-19 10:49:46,
Rune Sage build,100,53,2025-12-19 10:49:46,
Rune Scribe 5e,0,53,2025-12-19 07:38:37,
Rune Scribe build,0,53,2025-12-19 07:38:37,
Runecrafter 5e,0,53,2025-12-19 09:05:27,
Runecrafter build,0,53,2025-12-19 09:05:27,
Runekeeper 2024,2,53,2025-12-19 06:45:29,
Runekeeper 5e,0,53,2025-12-19 06:45:07,
Runekeeper build,0,53,2025-12-19 06:45:29,
Runic Scholar 5e,0,53,2025-12-19 07:26:46,
Runic Scholar build,0,53,2025-12-19 07:27:09,
Runic Warrior 5e,50,53,2025-12-19 07:27:09,
Runic Warrior build,100,53,2025-12-19 07:27:09,
Samurai 5e,559,53,2025-12-19 09:05:08,
Samurai build,2773,53,2025-12-19 09:05:08,
Sangromancer 5e,0,53,2025-12-19 07:04:16,
Sangromancer build,0,53,2025-12-19 07:04:16,
Sanguine Knight 5e,0,53,2025-12-18 18:30:22,
Sanguine Knight build,0,53,2025-12-18 18:30:55,
Satire Bard,14,53,2025-12-19 07:36:05,
Savage 5e,820,53,2025-12-19 06:51:16,
Savage build,1616,53,2025-12-19 06:51:16,
Savant 2024,914,53,2025-12-19 06:45:29,
Savant 5e,0,53,2025-12-19 06:45:29,
Savant build,42,53,2025-12-19 06:45:29,
Scholar 2024,1992,53,2025-12-19 10:46:26,
Scholar 5e,7,53,2025-12-19 10:46:26,
Scholar build,128,53,2025-12-19 10:46:26,
School of Abjuration 5e,5,53,2025-12-19 10:22:44,
School of Abjuration build,0,53,2025-12-19 10:22:44,
School of Chronomancy 5e,0,53,2025-12-18 06:57:02,
School of Chronomancy build,0,53,2025-12-18 06:57:02,
School of Conjuration 5e,7,53,2025-12-19 10:51:02,
School of Conjuration build,0,53,2025-12-19 10:51:02,
School of Divination 5e,14,53,2025-12-19 09:00:15,
School of Divination build,0,53,2025-12-19 09:00:15,
School of Enchantment 5e,122,53,2025-12-19 10:51:02,
School of Enchantment build,0,53,2025-12-19 10:51:02,
School of Evocation 5e,4,53,2025-12-19 07:20:41,
School of Evocation build,0,53,2025-12-19 07:20:41,
School of Illusion 5e,0,53,2025-12-19 07:22:00,
School of Illusion build,38,53,2025-12-19 07:22:24,
School of Invention 5e,0,53,2025-12-19 07:43:41,
School of Invention build,50,53,2025-12-19 07:43:41,
School of Necromancy 5e,212,53,2025-12-19 10:50:34,
School of Necromancy build,6,53,2025-12-19 10:51:02,
School of Runecraft 5e,0,53,2025-12-19 07:26:46,
School of Runecraft build,0,53,2025-12-19 07:26:46,
School of Transmutation 5e,13,53,2025-12-19 10:50:34,
School of Transmutation build,0,53,2025-12-19 10:50:34,
School of War Magic 5e,100,53,2025-12-19 07:50:00,
School of War Magic build,0,53,2025-12-19 07:50:00,
Scion of the Three 5e,19,53,2025-12-19 06:59:14,
Scion of the Three build,0,53,2025-12-19 08:53:29,
Scout 5e,1121,53,2025-12-19 09:07:48,
Scout build,3240,53,2025-12-19 10:25:41,
Sea Druid,635,53,2025-12-19 10:51:27,
Sea Sorcerer 5e,10,53,2025-12-19 07:39:59,
Sea Sorcerer build,0,53,2025-12-19 07:39:59,
Seasons Druid,309,53,2025-12-19 06:50:54,
Secret Agent 5e,0,53,2025-12-18 18:29:48,
Secret Agent build,273,53,2025-12-18 18:29:48,
Seeker 5e,6,53,2025-12-19 09:07:48,
Seeker build,2397,53,2025-12-19 09:07:48,
Shadow (Bard) Bard,1680,53,2025-12-19 06:53:29,
Shadow Arcane Tradition (Wizard) 5e,0,53,2025-12-19 06:54:14,
Shadow Arcane Tradition (Wizard) build,0,53,2025-12-19 06:54:14,
Shadow Domain (Cleric) 5e,4,53,2025-12-19 06:53:51,
Shadow Domain (Cleric) build,83,53,2025-12-19 06:53:51,
Shadow Gnawer (Barbarian) 5e,274,53,2025-12-19 06:53:09,
Shadow Gnawer (Barbarian) build,0,53,2025-12-19 06:53:09,
Shadow Magic 5e,2502,53,2025-12-19 10:27:10,
Shadow Magic build,649,53,2025-12-19 07:49:39,
Shadow Stalker 5e,100,53,2025-12-18 07:01:53,
Shadow Stalker build,94,53,2025-12-18 07:01:53,
Shadow Warrior 5e,2,53,2025-12-19 07:28:05,
Shadow Warrior build,7,53,2025-12-19 07:28:05,
Shadowbaned 5e,0,53,2025-12-19 06:50:54,
Shadowbaned build,0,53,2025-12-19 06:50:54,
Shadowmaster 5e,0,53,2025-12-19 10:49:01,
Shadowmaster build,0,53,2025-12-19 10:49:01,
Shadows (Druid) Druid,123,53,2025-12-19 06:53:51,
Shaman 2024,99,53,2025-12-19 10:46:26,
Shaman 5e,5,53,2025-12-19 10:46:26,
Shaman build,2569,53,2025-12-19 06:46:24,
Sharpshooter 5e,612,53,2025-12-19 09:05:08,
Sharpshooter build,136,53,2025-12-19 09:05:27,
Shepherd Druid,2738,53,2025-12-19 09:04:44,
Shroud Domain 5e,40,53,2025-12-19 09:02:24,
Shroud Domain build,0,53,2025-12-19 09:02:24,
Sinister Scholar 5e,0,53,2025-12-19 09:02:24,
Sinister Scholar build,0,53,2025-12-19 09:02:24,
Smoke Master 5e,0,53,2025-12-19 10:49:46,
Smoke Master build,90,53,2025-12-19 10:49:46,
Solar Spirits Druid,0,53,2025-12-19 10:52:13,
Sorcerer 2024,263,53,2025-12-19 05:58:01,
Sorcerer 5e,792,53,2025-12-19 05:58:01,
Sorcerer build,994,53,2025-12-19 05:58:01,
Sorcerer: Crimson Sorcery 5e,0,53,2025-12-18 18:23:53,
Sorcerer: Crimson Sorcery build,0,53,2025-12-18 18:23:53,
Sorcerer: Desert Soul 5e,0,53,2025-12-18 18:27:36,
Sorcerer: Desert Soul build,100,53,2025-12-18 18:27:36,
Sorcerer: Oni Bloodline 5e,0,53,2025-12-19 07:13:15,
Sorcerer: Oni Bloodline build,0,53,2025-12-19 07:13:32,
Soul Knife 5e,35,53,2025-12-19 07:43:14,
Soul Knife Monk,105,53,2025-12-19 07:29:03,
Soul Knife build,5,53,2025-12-19 07:43:41,
Soulbinder 5e,0,53,2025-12-19 10:49:46,
Soulbinder build,0,53,2025-12-19 07:15:47,
Soulblade 5e,0,53,2025-12-19 07:29:03,
Soulblade build,0,53,2025-12-19 07:29:03,
Soulknife 5e,373,53,2025-12-19 07:23:36,
Soulknife Expanded 5e,91,53,2025-12-19 07:29:21,
Soulknife Expanded build,0,53,2025-12-19 07:29:21,
Soulknife build,9,53,2025-12-19 07:23:36,
Spell Scorned Barbarian 5e,0,53,2025-12-19 08:52:07,
Spell Scorned Barbarian build,0,53,2025-12-19 08:52:07,
Spellblade 5e,67,53,2025-12-18 08:24:34,
Spellblade build,1386,53,2025-12-18 08:24:34,
Spellbreaker 5e,0,53,2025-12-19 07:29:21,
Spellbreaker build,226,53,2025-12-19 07:29:21,
Spelldrinker Paladin,70,53,2025-12-18 18:28:06,
Spellfire Sorcerer 5e,61,53,2025-12-18 18:33:36,
Spellfire Sorcerer build,3,53,2025-12-18 18:33:36,
Spellfire Sorcery 5e,0,53,2025-12-19 08:54:34,
Spellfire Sorcery build,0,53,2025-12-19 08:54:34,
Spellslinger 5e,0,53,2025-12-18 18:30:22,
Spellslinger build,237,53,2025-12-18 18:30:22,
Spirit Warrior 5e,7,53,2025-12-19 07:28:22,
Spirit Warrior build,136,53,2025-12-19 07:28:22,
Spiritcaller 5e,0,53,2025-12-19 10:52:13,
Spiritcaller build,0,53,2025-12-19 10:52:13,
Spiritlord 5e,0,53,2025-12-19 09:10:14,
Spiritlord build,0,53,2025-12-19 09:10:14,
Spirits Bard,1467,53,2025-12-19 07:41:38,
Spores Druid,2242,53,2025-12-19 07:05:49,
Spores Expanded Druid,100,53,2025-12-19 10:52:34,
Squared Circle 5e,0,53,2025-12-19 07:25:36,
Squared Circle build,0,53,2025-12-19 07:25:36,
Stalker 5e,1584,53,2025-12-19 09:07:48,
Stalker build,3361,53,2025-12-19 09:07:48,
Stars Druid,1229,53,2025-12-19 10:23:07,
Steelheart 5e,0,53,2025-12-19 10:52:34,
Steelheart build,0,53,2025-12-19 10:52:34,
Stone Sorcerer 5e,2,53,2025-12-19 07:40:26,
Stone Sorcerer build,0,53,2025-12-19 07:40:26,
Storm Sorcery 5e,12,53,2025-12-19 10:27:10,
Storm Sorcery build,16,53,2025-12-19 10:27:10,
Sun Soul Monk,72,53,2025-12-19 09:09:03,
Swarmkeeper 5e,201,53,2025-12-18 18:19:25,
Swarmkeeper build,657,53,2025-12-18 18:19:59,
Swarms Bard,100,53,2025-12-19 11:22:58,
Swashbuckler 5e,396,53,2025-12-19 07:44:16,
Swashbuckler build,1146,53,2025-12-19 09:09:03,
Swords Bard,3091,53,2025-12-19 07:36:25,
Tactician 5e,10,53,2025-12-19 09:10:36,
Tactician build,1216,53,2025-12-19 09:10:36,
Talent 2024,1844,53,2025-12-19 08:49:55,
Talent 5e,160,53,2025-12-19 06:46:24,
Talent build,338,53,2025-12-19 08:49:55,
Tattooed Warrior 5e,0,53,2025-12-18 18:33:04,
Tattooed Warrior build,0,53,2025-12-18 18:33:04,
Telekinetic 5e,2691,53,2025-12-19 07:24:51,
Telekinetic build,110,53,2025-12-19 07:25:15,
Telepath 5e,75,53,2025-12-19 10:26:06,
Telepath build,160,53,2025-12-19 10:26:06,
Tempest Domain 5e,217,53,2025-12-19 10:50:34,
Tempest Domain build,119,53,2025-12-19 10:50:34,
Temporal Knight 5e,0,53,2025-12-18 06:56:30,
Temporal Knight build,0,53,2025-12-18 06:56:30,
The Celestial 5e,58,53,2025-12-19 10:25:41,
The Celestial build,258,53,2025-12-19 10:25:41,
The Dreamwalker 5e,0,53,2025-12-19 06:56:20,
The Dreamwalker build,0,53,2025-12-19 06:56:44,
The First Vampire 5e,0,53,2025-12-19 08:54:57,
The First Vampire build,0,53,2025-12-19 08:54:57,
The Forsaken 5e,100,53,2025-12-18 18:25:32,
The Forsaken build,606,53,2025-12-18 18:26:03,
The Genie 5e,52,53,2025-12-19 09:08:40,
The Genie build,90,53,2025-12-19 09:08:40,
The Grinning Sinner 5e,0,53,2025-12-18 18:25:32,
The Grinning Sinner build,89,53,2025-12-18 18:25:32,
The Harvester 5e,0,53,2025-12-19 07:06:15,
The Harvester build,217,53,2025-12-19 07:06:37,
The Lurker in the Deep 5e,0,53,2025-12-19 07:40:50,
The Lurker in the Deep build,0,53,2025-12-19 07:40:50,
The Parasite 5e,77,53,2025-12-19 07:02:00,
The Parasite build,495,53,2025-12-19 07:02:00,
The Raven Queen 5e,387,53,2025-12-19 09:05:52,
The Raven Queen build,0,53,2025-12-19 09:05:52,
The Rocborne 5e,0,53,2025-12-18 18:26:35,
The Rocborne build,100,53,2025-12-18 18:26:35,
The Seeker 5e,58,53,2025-12-19 07:42:25,
The Seeker build,365,53,2025-12-19 07:42:25,
The Swarm 5e,232,53,2025-12-19 07:30:28,
The Swarm build,1318,53,2025-12-19 07:30:28,
The Undead 5e,2458,53,2025-12-19 07:41:17,
The Undead build,305,53,2025-12-19 07:41:38,
The Undying Light 5e,0,53,2025-12-19 07:36:25,
The Undying Light build,0,53,2025-12-19 07:36:25,
Theurgy 5e,0,53,2025-12-19 07:42:25,
Theurgy build,45,53,2025-12-19 07:42:25,
Thief 5e,749,53,2025-12-19 10:51:27,
Thief build,2866,53,2025-12-19 10:51:27,
Thunderheart 5e,0,53,2025-12-18 18:31:27,
Thunderheart build,0,53,2025-12-18 18:31:27,
Time Weaver 5e,0,53,2025-12-18 06:57:02,
Time Weaver build,104,53,2025-12-18 06:57:02,
Timeless 5e,0,53,2025-12-18 18:31:27,
Timeless build,1915,53,2025-12-18 18:31:27,
Trade Baron 5e,0,53,2025-12-19 07:11:07,
Trade Baron build,100,53,2025-12-19 07:11:07,
Trail Warden 5e,0,53,2025-12-18 07:01:53,
Trail Warden build,0,53,2025-12-18 07:01:53,
Tranquility Monk,12,53,2025-12-19 09:06:54,
Transcendent 5e,0,53,2025-12-19 07:25:15,
Transcendent build,227,53,2025-12-19 07:25:15,
Transmuter 5e,4,53,2025-12-18 18:32:33,
Transmuter build,41,53,2025-12-18 18:32:33,
Trapper Guild 5e,0,53,2025-12-19 07:01:16,
Trapper Guild build,100,53,2025-12-19 07:01:16,
Treachery Paladin,4,53,2025-12-19 07:38:37,
Treasure Hunter 2024,33,53,2025-12-19 08:49:55,
Treasure Hunter 5e,0,53,2025-12-19 08:49:55,
Treasure Hunter build,0,53,2025-12-19 08:49:55,
Trick Shot 5e,0,53,2025-12-18 18:30:22,
Trick Shot build,6,53,2025-12-18 18:30:22,
Trickery Domain 5e,167,53,2025-12-19 07:22:44,
Trickery Domain build,117,53,2025-12-19 09:01:04,
Trickster Patron 5e,0,53,2025-12-18 18:31:27,
Trickster Patron build,0,53,2025-12-18 18:32:00,
Twilight Domain 5e,662,53,2025-12-18 18:21:08,
Twilight Domain build,16,53,2025-12-18 18:21:08,
Twilight Druid,844,53,2025-12-18 18:36:38,
Umbra Domain 5e,0,53,2025-12-19 07:45:06,
Umbra Domain build,100,53,2025-12-19 07:45:06,
Umbral Binder (Rogue) 5e,100,53,2025-12-19 10:47:39,
Umbral Binder (Rogue) build,0,53,2025-12-19 10:47:39,
Undead Patron 5e,196,53,2025-12-19 07:46:08,
Undead Patron build,63,53,2025-12-19 07:46:08,
Undying 5e,188,53,2025-12-19 07:12:11,
Undying Patron 5e,71,53,2025-12-19 07:30:28,
Undying Patron build,0,53,2025-12-19 07:30:28,
Undying build,744,53,2025-12-19 07:12:11,
Unity Domain 5e,0,53,2025-12-19 07:41:17,
Unity Domain build,182,53,2025-12-19 07:41:17,
Valor Bard,3235,53,2025-12-19 09:01:23,
Veiled Fist Monk,0,53,2025-12-19 07:46:08,
Vengeance Paladin,3772,53,2025-12-19 07:19:56,
Verdant 5e,2,53,2025-12-19 09:10:14,
Verdant Path Monk,0,53,2025-12-19 10:26:52,
Verdant build,312,53,2025-12-19 09:10:14,
Vermin Lord 5e,0,53,2025-12-19 07:03:00,
Vermin Lord build,0,53,2025-12-19 07:03:00,
Wandsmith 5e,0,53,2025-12-19 10:49:01,
Wandsmith build,0,53,2025-12-19 08:56:30,
War Domain 5e,450,53,2025-12-19 07:21:40,
War Domain build,1062,53,2025-12-19 07:21:40,
War Mage 5e,506,53,2025-12-18 08:24:34,
War Mage build,190,53,2025-12-18 08:24:34,
War Magic 5e,269,53,2025-12-19 09:09:03,
War Magic build,904,53,2025-12-19 07:45:06,
Warden 2024,365,53,2025-12-19 06:47:13,
Warden 5e,27,53,2025-12-19 06:47:13,
Warden Druid,1025,53,2025-12-19 07:08:09,
Warden build,55,53,2025-12-19 06:47:36,
Warlock 2024,1464,53,2025-12-19 06:44:48,
Warlock 5e,3568,53,2025-12-19 06:44:48,
Warlock Patron: The Predator 5e,35,53,2025-12-19 07:08:09,
Warlock Patron: The Predator build,0,53,2025-12-19 07:08:28,
Warlock build,3286,53,2025-12-19 06:44:48,
Warlock: Great Fool Patron 5e,0,53,2025-12-18 18:23:22,
Warlock: Great Fool Patron build,0,53,2025-12-18 18:23:22,
Warlock: Horned King Patron 5e,0,53,2025-12-18 18:24:24,
Warlock: Horned King Patron build,100,53,2025-12-18 18:24:24,
Warlock: The Lantern 5e,100,53,2025-12-19 07:14:19,
Warlock: The Lantern build,0,53,2025-12-19 07:14:19,
Warlock: The Many 5e,36,53,2025-12-18 18:26:03,
Warlock: The Many build,10,53,2025-12-18 18:26:03,
Warlord 2024,825,53,2025-12-19 06:48:17,
Warlord 5e,87,53,2025-12-19 06:48:17,
Warlord build,31,53,2025-12-19 06:48:36,
Warmage 2024,2,53,2025-12-19 06:48:17,
Warmage 5e,3,53,2025-12-19 06:48:17,
Warmage build,0,53,2025-12-19 06:48:17,
Warrior of Cosmic Balance 5e,0,53,2025-12-19 06:54:58,
Warrior of Cosmic Balance build,0,53,2025-12-19 06:54:58,
Warrior of Mercy 5e,7,53,2025-12-19 10:22:20,
Warrior of Mercy build,61,53,2025-12-19 10:22:20,
Warrior of Shadow 5e,111,53,2025-12-19 09:00:15,
Warrior of Shadow build,10,53,2025-12-19 09:00:15,
Warrior of the Elements 5e,3,53,2025-12-19 09:01:04,
Warrior of the Elements build,0,53,2025-12-19 09:01:04,
Warrior of the Open Hand 5e,0,53,2025-12-19 09:01:23,
Warrior of the Open Hand build,0,53,2025-12-19 09:01:23,
Warsmith 5e,100,53,2025-12-19 07:09:30,
Warsmith build,0,53,2025-12-19 07:09:30,
Watchers Paladin,124,53,2025-12-18 18:18:52,
Way of Mercy 5e,59,53,2025-12-19 07:40:50,
Way of Mercy build,9,53,2025-12-19 07:40:50,
Way of Pride 5e,0,53,2025-12-19 07:02:19,
Way of Pride build,208,53,2025-12-19 07:02:19,
Way of Tranquility 5e,0,53,2025-12-19 09:06:54,
Way of Tranquility build,36,53,2025-12-19 09:06:54,
Way of the Ascendant Dragon 5e,17,53,2025-12-19 06:58:52,
Way of the Ascendant Dragon build,0,53,2025-12-19 06:59:14,
Way of the Astral Self 5e,17,53,2025-12-18 18:18:52,
Way of the Astral Self build,86,53,2025-12-18 18:18:52,
Way of the Balanced Mind 5e,0,53,2025-12-19 07:15:47,
Way of the Balanced Mind build,100,53,2025-12-19 07:15:47,
Way of the Crystal Palm 5e,0,53,2025-12-19 10:26:31,
Way of the Crystal Palm build,0,53,2025-12-19 10:26:31,
Way of the Drunken Master 5e,23,53,2025-12-19 10:24:19,
Way of the Drunken Master build,32,53,2025-12-19 10:24:19,
Way of the Kensei 5e,100,53,2025-12-19 07:37:26,
Way of the Kensei build,0,53,2025-12-19 09:06:54,
Way of the Leaden Crown 5e,0,53,2025-12-19 07:02:39,
Way of the Leaden Crown build,0,53,2025-12-19 07:02:39,
Way of the Living Weapon 5e,100,53,2025-12-19 08:53:12,
Way of the Living Weapon build,0,53,2025-12-19 08:53:12,
Way of the Long Death 5e,2,53,2025-12-19 07:31:13,
Way of the Long Death build,32,53,2025-12-19 07:31:13,
Way of the Prophet (Monk) 5e,0,53,2025-12-19 06:54:14,
Way of the Prophet (Monk) build,89,53,2025-12-19 06:54:14,
Way of the Raven 5e,88,53,2025-12-19 10:26:31,
Way of the Raven build,83,53,2025-12-19 10:26:31,
Way of the Soul Knife 5e,0,53,2025-12-19 07:29:03,
Way of the Soul Knife build,0,53,2025-12-19 07:29:03,
Way of the Sun Soul 5e,0,53,2025-12-19 09:09:03,
Way of the Sun Soul build,1,53,2025-12-19 09:09:03,
Way of the Veiled Fist 5e,0,53,2025-12-19 07:46:08,
Way of the Veiled Fist build,0,53,2025-12-19 07:46:08,
Way of the Verdant Path 5e,0,53,2025-12-19 10:26:52,
Way of the Verdant Path build,105,53,2025-12-19 10:26:52,
Whispers Bard,2771,53,2025-12-18 18:35:31,
Whistles Bard,79,53,2025-12-18 18:24:24,
White Craft 5e,0,53,2025-12-19 07:48:34,
White Craft build,107,53,2025-12-19 07:48:34,
White Hat 5e,0,53,2025-12-18 18:29:48,
White Hat build,730,53,2025-12-18 18:29:48,
Wicker Druid,29,53,2025-12-18 18:23:22,
Wild Card 5e,175,53,2025-12-19 07:10:06,
Wild Card build,501,53,2025-12-19 07:10:28,
Wild Magic Sorcery 5e,0,53,2025-12-19 07:22:24,
Wild Magic Sorcery build,3,53,2025-12-19 07:22:24,
Wildfire Druid,3039,53,2025-12-18 18:20:35,
Winter Walker 5e,113,53,2025-12-19 08:53:29,
Winter Walker build,109,53,2025-12-19 08:53:29,
Witch 2024,1464,53,2025-12-19 06:48:36,
Witch 5e,129,53,2025-12-19 06:48:36,
Witch Doctor 5e,5,53,2025-12-19 07:28:22,
Witch Doctor build,1768,53,2025-12-19 09:02:24,
Witch build,1056,53,2025-12-19 06:48:36,
Witcher 2024,1267,53,2025-12-19 06:48:58,
Witcher 5e,21,53,2025-12-19 06:48:36,
Witcher build,617,53,2025-12-19 06:48:58,
Wizard 2024,1131,53,2025-12-19 05:57:02,
Wizard 5e,1170,53,2025-12-19 05:57:02,
Wizard build,668,53,2025-12-19 05:57:02,
Wizard: Leyline Magic 5e,0,53,2025-12-19 08:55:42,
Wizard: Leyline Magic build,35,53,2025-12-19 07:08:09,
Wizard: Occultist 5e,66,53,2025-12-18 18:25:32,
Wizard: Occultist build,64,53,2025-12-18 18:25:32,
Wizard: Origami Mage 5e,100,53,2025-12-19 07:13:32,
Wizard: Origami Mage build,98,53,2025-12-19 08:57:16,
Wizard: Philosopher 5e,0,53,2025-12-18 18:24:59,
Wizard: Philosopher build,0,53,2025-12-18 18:24:59,
Wizard: School of Biomancy 5e,0,53,2025-12-19 07:06:37,
Wizard: School of Biomancy build,0,53,2025-12-19 07:07:04,
Wizard: Wand Lore 5e,0,53,2025-12-18 18:29:14,
Wizard: Wand Lore build,100,53,2025-12-18 18:29:14,
Woad Druid,0,53,2025-12-19 10:27:10,
Wretched Bloodline 5e,0,53,2025-12-19 07:03:00,
Wretched Bloodline build,0,53,2025-12-19 07:03:00,
Wu Jen 5e,6,53,2025-12-19 07:43:14,
Wu Jen build,0,53,2025-12-19 07:43:14,
Zeal Paladin,382,53,2025-12-19 07:04:16,
the Dirge Singer Bard,0,53,2025-12-19 06:58:31,
the Moon Bard,52,53,2025-12-19 10:48:36,
the Ocean Bard,15,53,2025-12-19 06:54:34,
