"Aboleth, Nihileth",Monster,Generic,Tome of Beasts 1
"Aboleth, Nihilethic Zombie",Monster,Generic,Tome of Beasts 1
"Aboleth, Nihilith",Monster,Generic,Tome of Beasts 1
Abominable Beauty,Monster,Generic,Tome of Beasts 1
Accursed Defiler,Monster,Generic,Tome of Beasts 1
Adult Cave Dragon,Monster,Generic,Tome of Beasts 1
Adult Flame Dragon,Monster,Generic,Tome of Beasts 1
Adult Mithral Dragon,Monster,Generic,Tome of Beasts 1
Adult Rime Worm,Monster,Generic,Tome of Beasts 1
Adult Sea Dragon,Monster,Generic,Tome of Beasts 1
Adult Void Dragon,Monster,Generic,Tome of Beasts 1
Adult Wind Dragon,Monster,Generic,Tome of Beasts 1
"Akyishigal, Demon Lord of Cockroaches",Monster,Generic,Tome of Beasts 1
Al-Aeshma,Monster,Generic,Tome of Beasts 1
Al-Aeshma Genie,Monster,Generic,Tome of Beasts 1
Ala,Monster,Generic,Tome of Beasts 1
Alehouse Drake,Monster,Generic,Tome of Beasts 1
Algorith,Monster,Generic,Tome of Beasts 1
"Alquam, Demon Lord of Night",Monster,Generic,Tome of Beasts 1
Alseid,Monster,Generic,Tome of Beasts 1
Alseid Grovekeeper,Monster,Generic,Tome of Beasts 1
Amphiptere,Monster,Generic,Tome of Beasts 1
Ancient Flame Dragon,Monster,Generic,Tome of Beasts 1
Ancient Mithral Dragon,Monster,Generic,Tome of Beasts 1
Ancient Sea Dragon,Monster,Generic,Tome of Beasts 1
Ancient Titan,Monster,Generic,Tome of Beasts 1
Ancient Void Dragon,Monster,Generic,Tome of Beasts 1
Ancient Wind Dragon,Monster,Generic,Tome of Beasts 1
Andrenjinyi,Monster,Generic,Tome of Beasts 1
Angatra,Monster,Generic,Tome of Beasts 1
"Angel, Chained",Monster,Generic,Tome of Beasts 1
"Angel, Fidele",Monster,Generic,Tome of Beasts 1
Angler Worm,Monster,Generic,Tome of Beasts 1
Anubian,Monster,Generic,Tome of Beasts 1
Apau Perape,Monster,Generic,Tome of Beasts 1
Arbeyach,Monster,Generic,Tome of Beasts 1
"Arbeyach's Herald, Ia'affrat",Monster,Generic,Tome of Beasts 1
Arboreal Grappler,Monster,Generic,Tome of Beasts 1
Arcane Guardian,Monster,Generic,Tome of Beasts 1
Arch-Devil Arbeyach,Monster,Generic,Tome of Beasts 1
Aridni,Monster,Generic,Tome of Beasts 1
Asanbosam,Monster,Generic,Tome of Beasts 1
Ash Drake,Monster,Generic,Tome of Beasts 1
Automata Devil,Monster,Generic,Tome of Beasts 1
Avatar Of Boreas,Monster,Generic,Tome of Beasts 1
Azza Gremlin,Monster,Generic,Tome of Beasts 1
Baba Yaga's Horsemen - Black Night,Monster,Generic,Tome of Beasts 1
Baba Yaga's Horsemen - Bright Day,Monster,Generic,Tome of Beasts 1
Baba Yaga's Horsemen - Red Sun,Monster,Generic,Tome of Beasts 1
"Baba Yaga's Horsemen, Black Night",Monster,Generic,Tome of Beasts 1
"Baba Yaga's Horsemen, Bright Day",Monster,Generic,Tome of Beasts 1
"Baba Yaga's Horsemen, Red Sun",Monster,Generic,Tome of Beasts 1
Bagiennik,Monster,Generic,Tome of Beasts 1
Bandit Lord,Monster,Generic,Tome of Beasts 1
Bastet Temple Cat,Monster,Generic,Tome of Beasts 1
Bear King,Monster,Generic,Tome of Beasts 1
Bearfolk,Monster,Generic,Tome of Beasts 1
Beggar Ghoul,Monster,Generic,Tome of Beasts 1
Behtu,Monster,Generic,Tome of Beasts 1
Beli,Monster,Generic,Tome of Beasts 1
Bereginyas,Monster,Generic,Tome of Beasts 1
Berstuc,Monster,Generic,Tome of Beasts 1
Black Knight Commander,Monster,Generic,Tome of Beasts 1
Blemmyes,Monster,Generic,Tome of Beasts 1
Blood Hag,Monster,Generic,Tome of Beasts 1
Boloti,Monster,Generic,Tome of Beasts 1
Bone Collective,Monster,Generic,Tome of Beasts 1
Bone Crab,Monster,Generic,Tome of Beasts 1
Bone Swarm,Monster,Generic,Tome of Beasts 1
Bonepowder Ghoul,Monster,Generic,Tome of Beasts 1
Boreas,Monster,Generic,Tome of Beasts 1
Bouda,Monster,Generic,Tome of Beasts 1
Broodiken,Monster,Generic,Tome of Beasts 1
Bucca,Monster,Generic,Tome of Beasts 1
Bukavac,Monster,Generic,Tome of Beasts 1
Buraq,Monster,Generic,Tome of Beasts 1
Burrowling,Monster,Generic,Tome of Beasts 1
Cactid,Monster,Generic,Tome of Beasts 1
"Camazotz, Demon Lord of Bats and Fire",Monster,Generic,Tome of Beasts 1
Cambium,Monster,Generic,Tome of Beasts 1
Carrion Beetle,Monster,Generic,Tome of Beasts 1
Cave Dragon Wyrmling,Monster,Generic,Tome of Beasts 1
Cave Wyrmling Dragon,Monster,Generic,Tome of Beasts 1
Cavelight Moss,Monster,Generic,Tome of Beasts 1
Chained Angel,Monster,Generic,Tome of Beasts 1
Chelicerae,Monster,Generic,Tome of Beasts 1
Chernomoi,Monster,Generic,Tome of Beasts 1
Child of the Briar,Monster,Generic,Tome of Beasts 1
Chort Devil,Monster,Generic,Tome of Beasts 1
Chronalmental,Monster,Generic,Tome of Beasts 1
Cikavak,Monster,Generic,Tome of Beasts 1
City Watch Captain,Monster,Generic,Tome of Beasts 1
Clockwork Abomination,Monster,Generic,Tome of Beasts 1
Clockwork Beetle,Monster,Generic,Tome of Beasts 1
Clockwork Beetle Swarm,Monster,Generic,Tome of Beasts 1
Clockwork Hound,Monster,Generic,Tome of Beasts 1
Clockwork Huntsman,Monster,Generic,Tome of Beasts 1
Clockwork Myrmidon,Monster,Generic,Tome of Beasts 1
Clockwork Watchman,Monster,Generic,Tome of Beasts 1
Clockwork Weaving Spider,Monster,Generic,Tome of Beasts 1
Clurichaun,Monster,Generic,Tome of Beasts 1
Cobbleswarm,Monster,Generic,Tome of Beasts 1
Coral Drake,Monster,Generic,Tome of Beasts 1
Corpse Mound,Monster,Generic,Tome of Beasts 1
Corrupted Ogre Chieftain,Monster,Generic,Tome of Beasts 1
Corrupting Ooze,Monster,Generic,Tome of Beasts 1
Crimson Drake,Monster,Generic,Tome of Beasts 1
Crystalline Devil,Monster,Generic,Tome of Beasts 1
Darakhul,Monster,Generic,Tome of Beasts 1
Dau,Monster,Generic,Tome of Beasts 1
Death Butterfly Swarm,Monster,Generic,Tome of Beasts 1
Deathcap Myconid,Monster,Generic,Tome of Beasts 1
Deathwisp,Monster,Generic,Tome of Beasts 1
Deep Drake,Monster,Generic,Tome of Beasts 1
Deep One,Monster,Generic,Tome of Beasts 1
Deep One Archimandrite,Monster,Generic,Tome of Beasts 1
Deep One Hybrid Priest,Monster,Generic,Tome of Beasts 1
Deep One Priest,Monster,Generic,Tome of Beasts 1
Deep Ones,Monster,Generic,Tome of Beasts 1
Degenerate Titan,Monster,Generic,Tome of Beasts 1
"Demon Lord, Akyishigal",Monster,Generic,Tome of Beasts 1
Derro Fetal Savant,Monster,Generic,Tome of Beasts 1
Derro Shadow Antipaladin,Monster,Generic,Tome of Beasts 1
Desert Giant,Monster,Generic,Tome of Beasts 1
Devilbound gnomish prince,Monster,Generic,Tome of Beasts 1
Dipsa,Monster,Generic,Tome of Beasts 1
Dissimortuum,Monster,Generic,Tome of Beasts 1
Dogmole,Monster,Generic,Tome of Beasts 1
Dogmole Juggernaut,Monster,Generic,Tome of Beasts 1
Domovoi,Monster,Generic,Tome of Beasts 1
Doppelrat,Monster,Generic,Tome of Beasts 1
Dorreq,Monster,Generic,Tome of Beasts 1
Dragon Eel,Monster,Generic,Tome of Beasts 1
Dragonleaf Tree,Monster,Generic,Tome of Beasts 1
Drakon,Monster,Generic,Tome of Beasts 1
Dream Eater,Monster,Generic,Tome of Beasts 1
Drowned Maiden,Monster,Generic,Tome of Beasts 1
Dullahan,Monster,Generic,Tome of Beasts 1
Dune Mimic,Monster,Generic,Tome of Beasts 1
Duskthorn Dryad,Monster,Generic,Tome of Beasts 1
Dust Goblin,Monster,Generic,Tome of Beasts 1
"dwarf, ringmage",Monster,Generic,Tome of Beasts 1
"dwarf, wolf reaver",Monster,Generic,Tome of Beasts 1
Dwarven Ringmage,Monster,Generic,Tome of Beasts 1
Eala,Monster,Generic,Tome of Beasts 1
Eater of Dust (Yakat-Shi),Monster,Generic,Tome of Beasts 1
Edimmu,Monster,Generic,Tome of Beasts 1
Eel Hound,Monster,Generic,Tome of Beasts 1
Einherjar,Monster,Generic,Tome of Beasts 1
Elder Shadow Drake,Monster,Generic,Tome of Beasts 1
Eleinomae,Monster,Generic,Tome of Beasts 1
Elemental Locus,Monster,Generic,Tome of Beasts 1
Elven Veteran Archer,Monster,Generic,Tome of Beasts 1
Elvish Veteran Archer,Monster,Generic,Tome of Beasts 1
Emerald Eye,Monster,Generic,Tome of Beasts 1
Emerald Order Cult Leader,Monster,Generic,Tome of Beasts 1
Emperor of the Ghouls,Monster,Generic,Tome of Beasts 1
Empty Cloak,Monster,Generic,Tome of Beasts 1
Eonic Drifter,Monster,Generic,Tome of Beasts 1
Erina Defender,Monster,Generic,Tome of Beasts 1
Erina Scrounger,Monster,Generic,Tome of Beasts 1
Eye Golem,Monster,Generic,Tome of Beasts 1
Far Darrig,Monster,Generic,Tome of Beasts 1
Fate Eater,Monster,Generic,Tome of Beasts 1
Fear Smith,Monster,Generic,Tome of Beasts 1
Fear Smith (Fiarsídhe),Monster,Generic,Tome of Beasts 1
Fellforged,Monster,Generic,Tome of Beasts 1
Fext,Monster,Generic,Tome of Beasts 1
Feyward Tree,Monster,Generic,Tome of Beasts 1
Fidele,Monster,Generic,Tome of Beasts 1
Fidele Angel,Monster,Generic,Tome of Beasts 1
Fire Dancer Swarm,Monster,Generic,Tome of Beasts 1
Firebird,Monster,Generic,Tome of Beasts 1
firegeist,Monster,Generic,Tome of Beasts 1
Flab Giant,Monster,Generic,Tome of Beasts 1
Flag Giant,Monster,Generic,Tome of Beasts 1
Flame Dragon Wyrmling,Monster,Generic,Tome of Beasts 1
Flutterflesh,Monster,Generic,Tome of Beasts 1
folk of leng,Monster,Generic,Tome of Beasts 1
Forest Marauder,Monster,Generic,Tome of Beasts 1
Fraughashar,Monster,Generic,Tome of Beasts 1
Frostveil,Monster,Generic,Tome of Beasts 1
Garroter Crab,Monster,Generic,Tome of Beasts 1
Gbahali,Monster,Generic,Tome of Beasts 1
Gbahali (Postosuchus),Monster,Generic,Tome of Beasts 1
Gearforged Templar,Monster,Generic,Tome of Beasts 1
Gerridae,Monster,Generic,Tome of Beasts 1
Ghost Knight,Monster,Generic,Tome of Beasts 1
Ghostwalk Spider,Monster,Generic,Tome of Beasts 1
"Ghoul, Beggar",Monster,Generic,Tome of Beasts 1
"Ghoul, Bonepowder",Monster,Generic,Tome of Beasts 1
"Ghoul, Darakhul",Monster,Generic,Tome of Beasts 1
"Ghoul, Imperial",Monster,Generic,Tome of Beasts 1
"Ghoul, Iron",Monster,Generic,Tome of Beasts 1
Giant Ant,Monster,Generic,Tome of Beasts 1
Giant Ant Queen,Monster,Generic,Tome of Beasts 1
"Giant, Jotun",Monster,Generic,Tome of Beasts 1
Gilded Devil,Monster,Generic,Tome of Beasts 1
Glass Gator,Monster,Generic,Tome of Beasts 1
Gnarljack,Monster,Generic,Tome of Beasts 1
Gnarljak,Monster,Generic,Tome of Beasts 1
Gnoll Havoc Runner,Monster,Generic,Tome of Beasts 1
"Gnoll, Havoc Runner",Monster,Generic,Tome of Beasts 1
Goat-Man,Monster,Generic,Tome of Beasts 1
Gray Thirster,Monster,Generic,Tome of Beasts 1
Greater Death Butterfly Swarm,Monster,Generic,Tome of Beasts 1
Grim Jester,Monster,Generic,Tome of Beasts 1
Guardian,Monster,Generic,Tome of Beasts 1
Gug,Monster,Generic,Tome of Beasts 1
Gypsosphinx,Monster,Generic,Tome of Beasts 1
"Harpy, Owl",Monster,Generic,Tome of Beasts 1
Haugbui,Monster,Generic,Tome of Beasts 1
Herald of Blood,Monster,Generic,Tome of Beasts 1
Herald of Darkness,Monster,Generic,Tome of Beasts 1
Hoard Golem,Monster,Generic,Tome of Beasts 1
Horakh,Monster,Generic,Tome of Beasts 1
Hound of the Night,Monster,Generic,Tome of Beasts 1
Hraesvelgr the Corpse Swallower,Monster,Generic,Tome of Beasts 1
Hrasvelgr,Monster,Generic,Tome of Beasts 1
Hulking whelp,Monster,Generic,Tome of Beasts 1
Hundun,Monster,Generic,Tome of Beasts 1
Ia'Affrat,Monster,Generic,Tome of Beasts 1
ice maiden,Monster,Generic,Tome of Beasts 1
Idolic Deity,Monster,Generic,Tome of Beasts 1
Imy-ut Ushabti,Monster,Generic,Tome of Beasts 1
Ink Devil,Monster,Generic,Tome of Beasts 1
Iron Ghoul,Monster,Generic,Tome of Beasts 1
Isonade,Monster,Generic,Tome of Beasts 1
J'Ba Fofi Spider,Monster,Generic,Tome of Beasts 1
Jaculus,Monster,Generic,Tome of Beasts 1
Jotun Giant,Monster,Generic,Tome of Beasts 1
Kalke,Monster,Generic,Tome of Beasts 1
Kikimora,Monster,Generic,Tome of Beasts 1
Kishi,Monster,Generic,Tome of Beasts 1
Kishi Demon,Monster,Generic,Tome of Beasts 1
Kobold Alchemist,Monster,Generic,Tome of Beasts 1
Kobold Chieftain,Monster,Generic,Tome of Beasts 1
Kobold Trapsmith,Monster,Generic,Tome of Beasts 1
kongamato,Monster,Generic,Tome of Beasts 1
Koralk (Harvester Devil),Monster,Generic,Tome of Beasts 1
Koschei,Monster,Generic,Tome of Beasts 1
Kot Bayun,Monster,Generic,Tome of Beasts 1
Krake spawn,Monster,Generic,Tome of Beasts 1
Lake Troll,Monster,Generic,Tome of Beasts 1
Lantern Dragonette,Monster,Generic,Tome of Beasts 1
Lemurfolk,Monster,Generic,Tome of Beasts 1
Lemurfolk (Kaguani),Monster,Generic,Tome of Beasts 1
Lemurfolk Greyfur,Monster,Generic,Tome of Beasts 1
"Lemurfolk, Greyfur",Monster,Generic,Tome of Beasts 1
Leshy,Monster,Generic,Tome of Beasts 1
Library Automaton,Monster,Generic,Tome of Beasts 1
Lich Hound,Monster,Generic,Tome of Beasts 1
Likho,Monster,Generic,Tome of Beasts 1
Lindwurm,Monster,Generic,Tome of Beasts 1
Liosalfar,Monster,Generic,Tome of Beasts 1
Living Wick,Monster,Generic,Tome of Beasts 1
Lord of the Hunt,Monster,Generic,Tome of Beasts 1
Lorelei,Monster,Generic,Tome of Beasts 1
Loxoda,Monster,Generic,Tome of Beasts 1
Lunar Devil,Monster,Generic,Tome of Beasts 1
Mahoru,Monster,Generic,Tome of Beasts 1
Malakbel,Monster,Generic,Tome of Beasts 1
Mallqui,Monster,Generic,Tome of Beasts 1
Malphas,Monster,Generic,Tome of Beasts 1
Malphas (Storm Crow),Monster,Generic,Tome of Beasts 1
Mammon,Monster,Generic,Tome of Beasts 1
Mammon - Archduke of Greed,Monster,Generic,Tome of Beasts 1
Mamura,Monster,Generic,Tome of Beasts 1
Manabane Scarab Swarm,Monster,Generic,Tome of Beasts 1
Map Mimic,Monster,Generic,Tome of Beasts 1
Mask Wight,Monster,Generic,Tome of Beasts 1
Mavka,Monster,Generic,Tome of Beasts 1
Mbielu,Monster,Generic,Tome of Beasts 1
"Mechuiti, Demon Lord of Apes",Monster,Generic,Tome of Beasts 1
Mi-Go,Monster,Generic,Tome of Beasts 1
Millitaur,Monster,Generic,Tome of Beasts 1
"mimic, map",Monster,Generic,Tome of Beasts 1
Mindrot Thrall,Monster,Generic,Tome of Beasts 1
Mirager,Monster,Generic,Tome of Beasts 1
Miremal,Monster,Generic,Tome of Beasts 1
Mirror Hag,Monster,Generic,Tome of Beasts 1
Mngwa,Monster,Generic,Tome of Beasts 1
Monolith Champion,Monster,Generic,Tome of Beasts 1
Monolith Footman,Monster,Generic,Tome of Beasts 1
Moonlit King,Monster,Generic,Tome of Beasts 1
Mordant Snare,Monster,Generic,Tome of Beasts 1
Morphoi,Monster,Generic,Tome of Beasts 1
Moss Lurker,Monster,Generic,Tome of Beasts 1
"Mummy, Venomous",Monster,Generic,Tome of Beasts 1
"Mycolid, Deathcap",Monster,Generic,Tome of Beasts 1
Myling,Monster,Generic,Tome of Beasts 1
Naina,Monster,Generic,Tome of Beasts 1
Ngobou,Monster,Generic,Tome of Beasts 1
nichny,Monster,Generic,Tome of Beasts 1
"Nicnevin, Queen of Witches",Monster,Generic,Tome of Beasts 1
Night Scorpion,Monster,Generic,Tome of Beasts 1
Nightgarm,Monster,Generic,Tome of Beasts 1
Nihileth,Monster,Generic,Tome of Beasts 1
Nihilethic Zombie,Monster,Generic,Tome of Beasts 1
Nkosi,Monster,Generic,Tome of Beasts 1
Nkosi Pridelord,Monster,Generic,Tome of Beasts 1
Nkosi War Ostrich,Monster,Generic,Tome of Beasts 1
noctiny,Monster,Generic,Tome of Beasts 1
Oculo Swarm,Monster,Generic,Tome of Beasts 1
"Ogre Chieftain, Corrupted",Monster,Generic,Tome of Beasts 1
Oozasis,Monster,Generic,Tome of Beasts 1
Orobas Devil,Monster,Generic,Tome of Beasts 1
Ostinato,Monster,Generic,Tome of Beasts 1
Owl Harpy,Monster,Generic,Tome of Beasts 1
Paper Drake,Monster,Generic,Tome of Beasts 1
Pombero,Monster,Generic,Tome of Beasts 1
Possessed Pillar,Monster,Generic,Tome of Beasts 1
Prismatic Beetle Swarm,Monster,Generic,Tome of Beasts 1
Psoglav,Monster,Generic,Tome of Beasts 1
Psoglav Demon,Monster,Generic,Tome of Beasts 1
Putrid Haunt,Monster,Generic,Tome of Beasts 1
"Qorgeth, Demon Lord of the Devouring Worm",Monster,Generic,Tome of Beasts 1
Queen Of Night And Magic,Monster,Generic,Tome of Beasts 1
Queen Of Witches,Monster,Generic,Tome of Beasts 1
Qwyllion,Monster,Generic,Tome of Beasts 1
Ramag,Monster,Generic,Tome of Beasts 1
Rat King,Monster,Generic,Tome of Beasts 1
Ratatosk,Monster,Generic,Tome of Beasts 1
Ratfolk,Monster,Generic,Tome of Beasts 1
Ratfolk rogue,Monster,Generic,Tome of Beasts 1
Ravenala,Monster,Generic,Tome of Beasts 1
Ravenfolk Doom Croaker,Monster,Generic,Tome of Beasts 1
Ravenfolk Scout,Monster,Generic,Tome of Beasts 1
Ravenfolk Warrior,Monster,Generic,Tome of Beasts 1
Ravenfolk Warrior - Lack of Runes,Monster,Generic,Tome of Beasts 1
"Ravenfolk, Doom Croaker",Monster,Generic,Tome of Beasts 1
Red Hag,Monster,Generic,Tome of Beasts 1
Red-Banded Line Spider,Monster,Generic,Tome of Beasts 1
Redcap,Monster,Generic,Tome of Beasts 1
Rift Swine,Monster,Generic,Tome of Beasts 1
Rime Worm Grub,Monster,Generic,Tome of Beasts 1
Risen Reaver,Monster,Generic,Tome of Beasts 1
River King,Monster,Generic,Tome of Beasts 1
Roachling Lord,Monster,Generic,Tome of Beasts 1
Roachling Skirmisher,Monster,Generic,Tome of Beasts 1
Rotting Wind,Monster,Generic,Tome of Beasts 1
Rubezahl,Monster,Generic,Tome of Beasts 1
Rum Gremlin,Monster,Generic,Tome of Beasts 1
Rust Drake,Monster,Generic,Tome of Beasts 1
Salt Devil,Monster,Generic,Tome of Beasts 1
Salt Golem,Monster,Generic,Tome of Beasts 1
Sand Hag,Monster,Generic,Tome of Beasts 1
Sand Silhouette,Monster,Generic,Tome of Beasts 1
Sand Spider,Monster,Generic,Tome of Beasts 1
Sandman,Monster,Generic,Tome of Beasts 1
Sandwyrm,Monster,Generic,Tome of Beasts 1
Sap Demon,Monster,Generic,Tome of Beasts 1
"Sarastra, Queen of Night and Magic",Monster,Generic,Tome of Beasts 1
Sarcophagus Slime,Monster,Generic,Tome of Beasts 1
Sathaq Worm,Monster,Generic,Tome of Beasts 1
Savager,Monster,Generic,Tome of Beasts 1
Scheznyki,Monster,Generic,Tome of Beasts 1
Scorpion Cultist,Monster,Generic,Tome of Beasts 1
"Scorpion, Night",Monster,Generic,Tome of Beasts 1
Sea Dragon Wyrmling,Monster,Generic,Tome of Beasts 1
Sea Wyrmling Dragon,Monster,Generic,Tome of Beasts 1
Selang,Monster,Generic,Tome of Beasts 1
Selang (dark satyr),Monster,Generic,Tome of Beasts 1
Serpopard,Monster,Generic,Tome of Beasts 1
Shabti,Monster,Generic,Tome of Beasts 1
shadhavar,Monster,Generic,Tome of Beasts 1
Shadow Beast,Monster,Generic,Tome of Beasts 1
Shadow Elf Duelist,Monster,Generic,Tome of Beasts 1
Shadow Elf Enchantress,Monster,Generic,Tome of Beasts 1
Shadow Elf Forest Hunter,Monster,Generic,Tome of Beasts 1
Shadow Fey,Monster,Generic,Tome of Beasts 1
Shadow Fey Duelist,Monster,Generic,Tome of Beasts 1
Shadow Fey Elf,Monster,Generic,Tome of Beasts 1
Shadow Fey Enchantress,Monster,Generic,Tome of Beasts 1
Shadow Fey Forest Hunter,Monster,Generic,Tome of Beasts 1
Shadow Fey Guardian,Monster,Generic,Tome of Beasts 1
Sharkjaw Skeleton,Monster,Generic,Tome of Beasts 1
Shellycoat,Monster,Generic,Tome of Beasts 1
Shoggoth,Monster,Generic,Tome of Beasts 1
Shroud,Monster,Generic,Tome of Beasts 1
Skein Witch,Monster,Generic,Tome of Beasts 1
"Skeleton, Sharkjaw",Monster,Generic,Tome of Beasts 1
Skin Bat,Monster,Generic,Tome of Beasts 1
Skitterhaunt,Monster,Generic,Tome of Beasts 1
Slow Storm,Monster,Generic,Tome of Beasts 1
Sluagh,Monster,Generic,Tome of Beasts 1
Sluagh Swarm,Monster,Generic,Tome of Beasts 1
Smaragdine Golem,Monster,Generic,Tome of Beasts 1
"Snake, Zanskaran Viper",Monster,Generic,Tome of Beasts 1
Snow Queen,Monster,Generic,Tome of Beasts 1
son of fenris,Monster,Generic,Tome of Beasts 1
Soul Eater,Monster,Generic,Tome of Beasts 1
spark,Monster,Generic,Tome of Beasts 1
Spawn of Akyishigal,Monster,Generic,Tome of Beasts 1
Spawn of Arbeyach,Monster,Generic,Tome of Beasts 1
Spectral Guardian,Monster,Generic,Tome of Beasts 1
"Sphinx, Gypsosphinx",Monster,Generic,Tome of Beasts 1
Spider of Leng,Monster,Generic,Tome of Beasts 1
Spider thief,Monster,Generic,Tome of Beasts 1
Spinosaurus,Monster,Generic,Tome of Beasts 1
Spinosaurus Young,Monster,Generic,Tome of Beasts 1
Spire Walker,Monster,Generic,Tome of Beasts 1
Star Drake,Monster,Generic,Tome of Beasts 1
Star Spawn Of Cthulhu,Monster,Generic,Tome of Beasts 1
Star-Spawn of Cthulhu,Monster,Generic,Tome of Beasts 1
Steam Golem,Monster,Generic,Tome of Beasts 1
Stryx,Monster,Generic,Tome of Beasts 1
Stuhac,Monster,Generic,Tome of Beasts 1
Stygian Fat-Tailed Scorpion,Monster,Generic,Tome of Beasts 1
Subek,Monster,Generic,Tome of Beasts 1
Suturefly,Monster,Generic,Tome of Beasts 1
Swamp Adder,Monster,Generic,Tome of Beasts 1
Swarm of Wolf Spirits,Monster,Generic,Tome of Beasts 1
Temple Dog,Monster,Generic,Tome of Beasts 1
Tendril Puppet,Monster,Generic,Tome of Beasts 1
Theullai,Monster,Generic,Tome of Beasts 1
Thuellai,Monster,Generic,Tome of Beasts 1
Thursir Giant,Monster,Generic,Tome of Beasts 1
Titanoboa,Monster,Generic,Tome of Beasts 1
Tophet,Monster,Generic,Tome of Beasts 1
Tosculi Drone,Monster,Generic,Tome of Beasts 1
Tosculi Elite Bow Raider,Monster,Generic,Tome of Beasts 1
Tosculi Hive-Queen,Monster,Generic,Tome of Beasts 1
Tosculi Warrior,Monster,Generic,Tome of Beasts 1
"Tosculi, Drone",Monster,Generic,Tome of Beasts 1
"Tosculi, Elite bow raider",Monster,Generic,Tome of Beasts 1
"Tosculi, Hive-Queen",Monster,Generic,Tome of Beasts 1
"Tosculi, Warrior",Monster,Generic,Tome of Beasts 1
"Totivillus, Scribe of Hell",Monster,Generic,Tome of Beasts 1
Treacle,Monster,Generic,Tome of Beasts 1
"Troll, Lake",Monster,Generic,Tome of Beasts 1
Trollkin Reaver,Monster,Generic,Tome of Beasts 1
"trollkin, reaver",Monster,Generic,Tome of Beasts 1
Tusked Skyfish,Monster,Generic,Tome of Beasts 1
Umbral Vampire,Monster,Generic,Tome of Beasts 1
Uraeus,Monster,Generic,Tome of Beasts 1
Urochar (Strangling watcher),Monster,Generic,Tome of Beasts 1
Ushabti,Monster,Generic,Tome of Beasts 1
Vaettir,Monster,Generic,Tome of Beasts 1
Vættir,Monster,Generic,Tome of Beasts 1
Valkyrie,Monster,Generic,Tome of Beasts 1
Vampire Warlock,Monster,Generic,Tome of Beasts 1
Vampire Warlock - Variant,Monster,Generic,Tome of Beasts 1
"Vampire, Umbral",Monster,Generic,Tome of Beasts 1
Vapor Lynx,Monster,Generic,Tome of Beasts 1
Venomous Mummy,Monster,Generic,Tome of Beasts 1
Vesiculosa,Monster,Generic,Tome of Beasts 1
Vila,Monster,Generic,Tome of Beasts 1
Vile barber,Monster,Generic,Tome of Beasts 1
Vile Barber (Siabhra),Monster,Generic,Tome of Beasts 1
Vine Lord,Monster,Generic,Tome of Beasts 1
Vine Lord's Tendril Puppet,Monster,Generic,Tome of Beasts 1
Vine Troll Skeleton,Monster,Generic,Tome of Beasts 1
Void Dragon Wyrmling,Monster,Generic,Tome of Beasts 1
Void Wyrmling Dragon,Monster,Generic,Tome of Beasts 1
Voidling,Monster,Generic,Tome of Beasts 1
Wampus Cat,Monster,Generic,Tome of Beasts 1
War Ostrich,Monster,Generic,Tome of Beasts 1
Water Leaper,Monster,Generic,Tome of Beasts 1
Weaving Spider,Monster,Generic,Tome of Beasts 1
Weeping Treant,Monster,Generic,Tome of Beasts 1
Wharfling,Monster,Generic,Tome of Beasts 1
Wharfling Swarm,Monster,Generic,Tome of Beasts 1
White Ape,Monster,Generic,Tome of Beasts 1
Wind Wyrmling Dragon,Monster,Generic,Tome of Beasts 1
Witchlight,Monster,Generic,Tome of Beasts 1
Wolf Reaver Dwarf,Monster,Generic,Tome of Beasts 1
Wolf Spirit Swarm,Monster,Generic,Tome of Beasts 1
Wormhearted Suffragan,Monster,Generic,Tome of Beasts 1
Wyrmling Flame Dragon,Monster,Generic,Tome of Beasts 1
Wyrmling Wind Dragon,Monster,Generic,Tome of Beasts 1
Xanka,Monster,Generic,Tome of Beasts 1
Xhkarsh,Monster,Generic,Tome of Beasts 1
Ychen Bannog,Monster,Generic,Tome of Beasts 1
Young Cave Dragon,Monster,Generic,Tome of Beasts 1
Young Flame Dragon,Monster,Generic,Tome of Beasts 1
Young Mithral Dragon,Monster,Generic,Tome of Beasts 1
Young Sea Dragon,Monster,Generic,Tome of Beasts 1
Young Spinosaurus,Monster,Generic,Tome of Beasts 1
Young Void Dragon,Monster,Generic,Tome of Beasts 1
Young Wind Dragon,Monster,Generic,Tome of Beasts 1
Zanskaran Viper,Monster,Generic,Tome of Beasts 1
Zaratan,Monster,Generic,Tome of Beasts 1
Zimwi,Monster,Generic,Tome of Beasts 1
Zmey,Monster,Generic,Tome of Beasts 1
Zmey Headling,Monster,Generic,Tome of Beasts 1
